-- MariaDB dump 10.19  Distrib 10.4.28-MariaDB, for Win64 (AMD64)
--
-- Host: 127.0.0.1    Database: project
-- ------------------------------------------------------
-- Server version	10.4.28-MariaDB

/*!40101 SET @OLD_CHARACTER_SET_CLIENT=@@CHARACTER_SET_CLIENT */;
/*!40101 SET @OLD_CHARACTER_SET_RESULTS=@@CHARACTER_SET_RESULTS */;
/*!40101 SET @OLD_COLLATION_CONNECTION=@@COLLATION_CONNECTION */;
/*!40101 SET NAMES utf8 */;
/*!40103 SET @OLD_TIME_ZONE=@@TIME_ZONE */;
/*!40103 SET TIME_ZONE='+00:00' */;
/*!40014 SET @OLD_UNIQUE_CHECKS=@@UNIQUE_CHECKS, UNIQUE_CHECKS=0 */;
/*!40014 SET @OLD_FOREIGN_KEY_CHECKS=@@FOREIGN_KEY_CHECKS, FOREIGN_KEY_CHECKS=0 */;
/*!40101 SET @OLD_SQL_MODE=@@SQL_MODE, SQL_MODE='NO_AUTO_VALUE_ON_ZERO' */;
/*!40111 SET @OLD_SQL_NOTES=@@SQL_NOTES, SQL_NOTES=0 */;

--
-- Table structure for table `bank`
--

DROP TABLE IF EXISTS `bank`;
/*!40101 SET @saved_cs_client     = @@character_set_client */;
/*!40101 SET character_set_client = utf8 */;
CREATE TABLE `bank` (
  `bankname` varchar(100) NOT NULL,
  `parent` varchar(100) DEFAULT NULL,
  PRIMARY KEY (`bankname`),
  KEY `de5r68t7gyi_idx` (`parent`),
  CONSTRAINT `de5r68t7gyi` FOREIGN KEY (`parent`) REFERENCES `bank` (`bankname`) ON DELETE NO ACTION ON UPDATE NO ACTION
) ENGINE=InnoDB DEFAULT CHARSET=utf8 COLLATE=utf8_general_ci;
/*!40101 SET character_set_client = @saved_cs_client */;

--
-- Dumping data for table `bank`
--

LOCK TABLES `bank` WRITE;
/*!40000 ALTER TABLE `bank` DISABLE KEYS */;
INSERT INTO `bank` VALUES ('1234567',NULL),('abc',NULL),('công nghệ 10',NULL),('kiến trúc máy tính',NULL),('nguyên lý hệ điều hành',NULL),('địa lý',NULL),('Àdsf','abc'),('def','abc'),('kiến trúc máy tính-dễ','abc'),('rty','abc'),('cn- mức trung bình','công nghệ 10'),('công nghệ mức dễ','công nghệ 10'),('ghjk','def'),('kiến trúc máy tính-khó','ghjk'),('kiến trúc máy tính- cũ','kiến trúc máy tính'),('kiến trúc máy tính- mới','kiến trúc máy tính'),('ugiug','rty'),('yuff','ugiug'),('địa lý mức dễ','địa lý'),('dễ..','địa lý mức dễ');
/*!40000 ALTER TABLE `bank` ENABLE KEYS */;
UNLOCK TABLES;

--
-- Table structure for table `bank_question`
--

DROP TABLE IF EXISTS `bank_question`;
/*!40101 SET @saved_cs_client     = @@character_set_client */;
/*!40101 SET character_set_client = utf8 */;
CREATE TABLE `bank_question` (
  `bankname` varchar(100) NOT NULL,
  `questionid` varchar(45) NOT NULL,
  KEY `1rffadsaf_idx` (`bankname`),
  KEY `dr657fyv_idx` (`questionid`),
  CONSTRAINT `1rffadsaf` FOREIGN KEY (`bankname`) REFERENCES `bank` (`bankname`) ON DELETE NO ACTION ON UPDATE NO ACTION,
  CONSTRAINT `dr657fyv` FOREIGN KEY (`questionid`) REFERENCES `question` (`idquestion`) ON DELETE NO ACTION ON UPDATE NO ACTION
) ENGINE=InnoDB DEFAULT CHARSET=utf8 COLLATE=utf8_general_ci;
/*!40101 SET character_set_client = @saved_cs_client */;

--
-- Dumping data for table `bank_question`
--

LOCK TABLES `bank_question` WRITE;
/*!40000 ALTER TABLE `bank_question` DISABLE KEYS */;
INSERT INTO `bank_question` VALUES ('địa lý mức dễ','cau 1'),('địa lý mức dễ','cau 1'),('địa lý','Câu 23'),('địa lý','Câu 25'),('địa lý','Câu 26'),('địa lý','Câu 27'),('địa lý','Câu 29'),('địa lý','Câu 30'),('địa lý','Câu 31'),('địa lý','Câu 32'),('địa lý','Câu 33'),('địa lý','Câu 34'),('địa lý','Câu 35'),('địa lý','Câu 36'),('địa lý','Câu 37'),('địa lý','Câu 39'),('địa lý','Câu 40'),('địa lý','Câu 42'),('địa lý','Câu 43'),('địa lý','Câu 45'),('địa lý','Câu 46'),('địa lý','Câu 48'),('địa lý','Câu 51'),('công nghệ mức dễ','Câu 7'),('dễ..','weapon'),('dễ..','dldl_2'),('abc','Câu 5'),('Àdsf','Câu 20'),('kiến trúc máy tính-dễ','Question 1'),('kiến trúc máy tính-dễ','Question 2'),('kiến trúc máy tính-dễ','Question 7'),('kiến trúc máy tính-dễ','Question 8'),('kiến trúc máy tính-dễ','Question 9'),('kiến trúc máy tính-dễ','Question 10'),('kiến trúc máy tính-dễ','Question 11'),('kiến trúc máy tính-dễ','Question 12'),('kiến trúc máy tính-dễ','Question 14'),('kiến trúc máy tính-dễ','Question 15'),('kiến trúc máy tính-dễ','Question 16'),('kiến trúc máy tính-dễ','Question 17'),('kiến trúc máy tính-dễ','Question 18'),('kiến trúc máy tính-dễ','Question 19'),('kiến trúc máy tính-dễ','Question 20'),('kiến trúc máy tính-dễ','Question 21'),('dễ..','OOP_CÂU 1'),('kiến trúc máy tính-dễ','OOP_CÂU 2'),('kiến trúc máy tính-dễ','OOP_Câu 5'),('kiến trúc máy tính-dễ','OOP_Câu 11'),('kiến trúc máy tính-dễ','OOP_Câu 13'),('kiến trúc máy tính-khó','OOP_Câu 4:'),('Àdsf','OOP_Câu 4'),('Àdsf','OOP_Câu 6'),('Àdsf','OOP_Câu 7'),('Àdsf','OOP_Câu 12'),('Àdsf','OOP_Câu 14'),('Àdsf','OOP_Câu 16'),('Àdsf','OOP_Câu 17'),('1234567','102'),('1234567','103'),('1234567','104'),('1234567','105'),('1234567','106'),('1234567','107'),('cn- mức trung bình','108'),('cn- mức trung bình','109.'),('cn- mức trung bình','110.'),('cn- mức trung bình','111.'),('cn- mức trung bình','112.'),('cn- mức trung bình','113.'),('cn- mức trung bình','114.'),('cn- mức trung bình','115.'),('cn- mức trung bình','116.'),('cn- mức trung bình','117.'),('cn- mức trung bình','118.'),('cn- mức trung bình','119.'),('cn- mức trung bình','120.'),('cn- mức trung bình','122.'),('cn- mức trung bình','123.'),('cn- mức trung bình','124.'),('cn- mức trung bình','125.'),('cn- mức trung bình','126.'),('cn- mức trung bình','127.'),('cn- mức trung bình','128.'),('cn- mức trung bình','129. '),('cn- mức trung bình','130.'),('cn- mức trung bình','131.'),('cn- mức trung bình','132.'),('cn- mức trung bình','133.'),('cn- mức trung bình','134.'),('cn- mức trung bình','135.'),('cn- mức trung bình','136.'),('cn- mức trung bình','137.'),('cn- mức trung bình','138.'),('cn- mức trung bình','139.'),('cn- mức trung bình','140.'),('kiến trúc máy tính-dễ','Question 13'),('dễ..','21. CNXH'),('dễ..','22. CNXH'),('dễ..','24. CNXH'),('dễ..','25. CNXH'),('dễ..','26. CNXH'),('dễ..','27. CNXH'),('dễ..','28. CNXH'),('dễ..','29. CNXH'),('dễ..','30. CNXH'),('dễ..','31. CNXH'),('dễ..','32. CNXH'),('dễ..','33. CNXH'),('dễ..','34. CNXH'),('dễ..','35. CNXH'),('dễ..','36. CNXH'),('dễ..','37. CNXH'),('dễ..','38. CNXH'),('dễ..','39. CNXH'),('dễ..','40. CNXH'),('dễ..','41. CNXH'),('dễ..','42. CNXH'),('dễ..','43. CNXH'),('dễ..','44. CNXH'),('dễ..','45. CNXH'),('dễ..','46. CNXH'),('dễ..','47. CNXH'),('dễ..','48. CNXH'),('dễ..','49. CNXH'),('dễ..','50. CNXH'),('dễ..','51. CNXH'),('1234567','Câu 21'),('dễ..','54. CNXH'),('dễ..','53. CNXH'),('địa lý','Câu 50'),('1234567','101'),('1234567','13fsdf'),('dễ..','14. CNXH'),('dễ..','15. CNXH'),('dễ..','16. CNXH'),('dễ..','23. CNXH'),('địa lý','55. CNXH'),('dễ..','52. CNXH'),('dễ..','8. CNXH'),('dễ..','10. CNXH'),('dễ..','9. CNXH'),('dễ..','11. CNXH'),('dễ..','20. CNXH'),('dễ..','12. CNXH'),('dễ..','13. CNXH'),('dễ..','18. CNXH'),('dễ..','17. CNXH'),('địa lý','Câu 22'),('dễ..','7. CNXH'),('dễ..','19. CNXH'),('dễ..','6.CNXH'),('địa lý','Câu 41'),('địa lý','Câu 28'),('địa lý','Câu 49'),('địa lý','Câu 47'),('địa lý','Câu 44'),('địa lý mức dễ','1'),('địa lý mức dễ','2'),('địa lý mức dễ','3'),('địa lý mức dễ','4'),('địa lý mức dễ','5'),('địa lý mức dễ','6'),('địa lý mức dễ','7'),('địa lý mức dễ','8'),('địa lý mức dễ','9'),('địa lý mức dễ','10'),('địa lý mức dễ','11'),('địa lý mức dễ','12'),('địa lý mức dễ','13'),('địa lý mức dễ','14'),('địa lý mức dễ','15'),('địa lý mức dễ','16'),('địa lý mức dễ','17'),('địa lý mức dễ','18'),('địa lý mức dễ','19'),('địa lý mức dễ','20'),('địa lý mức dễ','21'),('địa lý mức dễ','22'),('địa lý mức dễ','23'),('địa lý mức dễ','24'),('địa lý mức dễ','25'),('địa lý mức dễ','26'),('địa lý mức dễ','27'),('địa lý mức dễ','28'),('địa lý mức dễ','29'),('địa lý mức dễ','30'),('địa lý mức dễ','31'),('địa lý mức dễ','32'),('địa lý mức dễ','33'),('địa lý mức dễ','34'),('địa lý mức dễ','35'),('địa lý mức dễ','36'),('địa lý mức dễ','37'),('địa lý mức dễ','38'),('địa lý mức dễ','39'),('địa lý mức dễ','40'),('kiến trúc máy tính- mới','41'),('kiến trúc máy tính- mới','42'),('kiến trúc máy tính- mới','43'),('kiến trúc máy tính- mới','44'),('kiến trúc máy tính- mới','45'),('kiến trúc máy tính- mới','46'),('kiến trúc máy tính- mới','47'),('kiến trúc máy tính- mới','48'),('kiến trúc máy tính- mới','49'),('kiến trúc máy tính- mới','50'),('kiến trúc máy tính- mới','51'),('kiến trúc máy tính- mới','52'),('kiến trúc máy tính- mới','53'),('kiến trúc máy tính- mới','54'),('kiến trúc máy tính- mới','55'),('kiến trúc máy tính- cũ','109'),('kiến trúc máy tính- cũ','110'),('kiến trúc máy tính- cũ','111'),('kiến trúc máy tính- cũ','112'),('kiến trúc máy tính- cũ','113'),('kiến trúc máy tính- cũ','114'),('kiến trúc máy tính- cũ','115'),('kiến trúc máy tính- cũ','116'),('kiến trúc máy tính- cũ','117'),('kiến trúc máy tính- cũ','118'),('kiến trúc máy tính- cũ','119'),('kiến trúc máy tính- cũ','120'),('kiến trúc máy tính- cũ','121'),('kiến trúc máy tính- cũ','122'),('kiến trúc máy tính- cũ','123'),('kiến trúc máy tính- cũ','124'),('kiến trúc máy tính- cũ','125'),('kiến trúc máy tính- cũ','126'),('kiến trúc máy tính- cũ','127'),('kiến trúc máy tính- cũ','128'),('kiến trúc máy tính- cũ','129'),('kiến trúc máy tính- cũ','130'),('kiến trúc máy tính- cũ','131'),('kiến trúc máy tính- cũ','132'),('kiến trúc máy tính- cũ','133'),('kiến trúc máy tính- cũ','134'),('kiến trúc máy tính- cũ','135'),('kiến trúc máy tính- cũ','136'),('kiến trúc máy tính- cũ','137'),('kiến trúc máy tính- cũ','138'),('kiến trúc máy tính- cũ','139'),('kiến trúc máy tính- cũ','140'),('abc','Câu 24'),('abc','cau 2');
/*!40000 ALTER TABLE `bank_question` ENABLE KEYS */;
UNLOCK TABLES;

--
-- Table structure for table `question`
--

DROP TABLE IF EXISTS `question`;
/*!40101 SET @saved_cs_client     = @@character_set_client */;
/*!40101 SET character_set_client = utf8 */;
CREATE TABLE `question` (
  `idquestion` varchar(45) NOT NULL,
  `questioncontent` varchar(5000) NOT NULL,
  `choice1` varchar(1000) DEFAULT NULL,
  `choice2` varchar(1000) DEFAULT NULL,
  `choice3` varchar(1000) DEFAULT NULL,
  `choice4` varchar(1000) DEFAULT NULL,
  `choice5` varchar(1000) DEFAULT NULL,
  `answer` varchar(500) NOT NULL,
  `imagecontent` varchar(500) DEFAULT NULL,
  `imagechoice1` varchar(500) DEFAULT NULL,
  `imagechoice2` varchar(500) DEFAULT NULL,
  `imagechoice3` varchar(500) DEFAULT NULL,
  `imagechoice4` varchar(500) DEFAULT NULL,
  `imagechoice5` varchar(500) DEFAULT NULL,
  PRIMARY KEY (`idquestion`)
) ENGINE=InnoDB DEFAULT CHARSET=utf8 COLLATE=utf8_general_ci;
/*!40101 SET character_set_client = @saved_cs_client */;

--
-- Dumping data for table `question`
--

LOCK TABLES `question` WRITE;
/*!40000 ALTER TABLE `question` DISABLE KEYS */;
INSERT INTO `question` VALUES ('1','Đối với sản phẩm bảo hiểm liên kết đơn vị, phí chuyển đổi quỹ liên kết đơn vị là:','A. Khoản phí dùng để trang trải chi phí phát hành hợp đồng bảo hiểm, chi phí thẩm định bảo hiểm, chi phí kiểm tra y tế, chi hoa hồng đại lý và chi phí khác.','B. Khoản phí bên mua bảo hiểm phải trả cho doanh nghiệp bảo hiểm khi thực hiện chuyển đổi tài sản đầu tư giữa các quỹ liên kết đơn vị.','C. Khoản phí để bù đắp chi phí liên quan đến việc duy trì hợp đồng bảo hiểm và cung cấp thông tin liên quan đến hợp đồng bảo hiểm cho bên mua bảo hiểm.','D. Khoản phí đối với quyền lợi bảo hiểm rủi ro theo cam kết tại hợp đồng bảo hiểm.','','ANSWER: B',NULL,NULL,NULL,NULL,NULL,NULL),('10','Trong Sản phẩm Bảo hiểm Ung Thư 360, quyền lợi nào sau đây sẽ chấm dứt ngay khi Manulife chấp nhận chi trả:','A. Quyền lợi bảo hiểm Ung Thư Giai Đoạn Cuối','B. Quyền lợi bảo hiểm Ung Thư Chi Phí Lớn','C. Quyền lợi bảo hiểm Miễn Đóng Phí','D. Cả ba đáp án A, B và C.','','ANSWER: D',NULL,NULL,NULL,NULL,NULL,NULL),('10. CNXH','Cơ cấu xã hội - giai cấp của Việt Nam ở thời kỳ quá độ lên chủ nghĩa xã hội bao gồm những giai cấp, tầng lớp cơ bản sau:','A. Giai cấp công nhân Việt Nam, Giai cấp nông dân, Đội ngũ trí thức','B. Lao động tự do, Trí thức tiểu tư sản, Các ông chủ tư bản.','C. Đội ngũ thanh niên Phụ nữ Đội ngũ doanh nhân','D. Dân tự do, dân nhập cư, người lao động trong nhà máy xí nghiệp','','ANSWER: A','/images/10. CNXHcontent.jpg','/images/10. CNXHchoice1.jpg','/images/10. CNXHchoice2.jpg',NULL,NULL,NULL),('101','Starting next month, the security ---------- working for eight hours a day.','A. was','B. are','C. has been','D. will be','','ANSWER: D','/images/101content.jpg',NULL,NULL,NULL,NULL,NULL),('102','The hotel reservations ---------- the executive officer will be made by his secretary.','A. by','B. about','C. for','D. in','','Answer: C',NULL,NULL,NULL,NULL,NULL,NULL),('103','The manager in charge of Europe should visit all the branches in the region ----------.','A. regularly','B. widely','C. recently','D. brightly','','Answer: A',NULL,NULL,NULL,NULL,NULL,NULL),('104','Thanks to the ---------- of the deadline, the construction crew was able to complete their work on time.','A. extended','B. extend','C. extendable','D. extension','','Answer: D',NULL,NULL,NULL,NULL,NULL,NULL),('105','Candidates should send their application form and résumé either by fax ---------- by mail.','A. or','B. as','C. nor','D. and','','Answer: A',NULL,NULL,NULL,NULL,NULL,NULL),('106','Customer ---------- is one of the most important factors in the hospitality industry.','A. satisfy','B. satisfaction','C. satisfactory','D. satisfactorily','','Answer: B',NULL,NULL,NULL,NULL,NULL,NULL),('107','Sales of the 30G storage device were not very satisfactory last month, but are expected to rise ----------.','A. openly','B. nearly','C. urgently','D. shortly','','Answer: D',NULL,NULL,NULL,NULL,NULL,NULL),('108','Despite the bad weather, the outdoor concert was ---------- attended by the band\'s excited fans.','A. well','B. quite','C. many','D. some','','Answer: A',NULL,NULL,NULL,NULL,NULL,NULL),('109',': Please be informed that ---------- entry was chosen for the first-place prize this year.','A. you','B. yourself','C. yours','D. your','','Answer: D',NULL,NULL,NULL,NULL,NULL,NULL),('109.','Please be informed that ---------- entry was chosen for the first-place prize this year.','A. you','B. yourself','C. yours','D. your','','Answer: D',NULL,NULL,NULL,NULL,NULL,NULL),('11','Khách hàng A tham gia Sản phẩm Bảo hiểm Ung Thư 360 với số tiền bảo hiểm là 800 triệu đồng. Trong thời gian hợp đồng có hiệu lực, khách hàng A được chẩn đoán mắc 2 bệnh ung thư giai đoạn sớm thuộc phạm vi bảo hiểm, được chẩn đoán trong cùng 1 ngày. Tổng quyền lợi ung thư giai đoạn sớm khách hàng nhận được là:','A. 480 triệu đồng','B. 920 triệu đồng','C. 600 triệu đồng','D. 800 triệu đồng','','ANSWER: A',NULL,NULL,NULL,NULL,NULL,NULL),('11. CNXH','Vị trí của cơ cấu xã hội - giai cấp trong cơ cấu xã hội','A. Xuất phát trên lập trường của giai cấp công nhân để giải quyết các mâu thuẫn xã hội, từ đó thúc đẩy sự phát triển các giai cấp và tầng lớp.','B. Các giai cấp và liên minh giai cấp để đi tới xoá bỏ sự phân chia giai cấp, tiến đến một xã hội không có giai cấp','C. Giai cấp công nhân là giai cấp cách mạng, có sứ mệnh xóa bỏ CNTB, xây dựng xã hội mới tiến bộ hơn.','D. Cơ cấu xã hội – giai cấp là căn cứ cơ bản để từ đó xây dựng chính sách phát triển kinh tế, văn hóa, xã hội của mỗi xã hội trong từng giai đoạn lịch sử cụ thể.','','ANSWER: D','/images/11. CNXHcontent.gif','/images/11. CNXHchoice1.jpg','/images/11. CNXHchoice2.jpg',NULL,NULL,NULL),('110',': The new city governor is considering ---------- the historic palace to its original shape.','A. restarting','B. regaining','C. restoring','D. replacing','','Answer: C',NULL,NULL,NULL,NULL,NULL,NULL),('110.','The new city governor is considering ---------- the historic palace to its original shape.','A. restarting','B. regaining','C. restoring','D. replacing','','Answer: C',NULL,NULL,NULL,NULL,NULL,NULL),('111',': Overseas sales staff should speak fluent Spanish to communicate ---------- with the local customers.','A. effect','B. effectively','C. effective','D. effectiveness','','Answer: B',NULL,NULL,NULL,NULL,NULL,NULL),('111.','Overseas sales staff should speak fluent Spanish to communicate ---------- with the local customers.','A. effect','B. effectively','C. effective','D. effectiveness','','Answer: B',NULL,NULL,NULL,NULL,NULL,NULL),('112',': Please refer to the minutes of the last staff meeting ---------- you requested.','A. then','B. that','C. what','D. when','','Answer: B',NULL,NULL,NULL,NULL,NULL,NULL),('112.','Please refer to the minutes of the last staff meeting ---------- you requested.','A. then','B. that','C. what','D. when','','Answer: B',NULL,NULL,NULL,NULL,NULL,NULL),('113',': In response to your request, we will send your invoice ---------- from your shipments.','A. jointly','B. diversely','C. separately','D. partially','','Answer: C',NULL,NULL,NULL,NULL,NULL,NULL),('113.','In response to your request, we will send your invoice ---------- from your shipments.','A. jointly','B. diversely','C. separately','D. partially','','Answer: C',NULL,NULL,NULL,NULL,NULL,NULL),('114',': Ms. Samantha will be the new director for the system update, and those working with her should report to ----------.','A. she','B. herself','C. hers','D. her','','Answer: D',NULL,NULL,NULL,NULL,NULL,NULL),('114.','Ms. Samantha will be the new director for the system update, and those working with her should report to ----------.','A. she','B. herself','C. hers','D. her','','Answer: D',NULL,NULL,NULL,NULL,NULL,NULL),('115',': Due to lack of finance, the hospital restoration project has been ---------- until next year.','A. expected','B. scheduled','C. continued','D. postponed','','Answer: D',NULL,NULL,NULL,NULL,NULL,NULL),('115.','Due to lack of finance, the hospital restoration project has been ---------- until next year.','A. expected','B. scheduled','C. continued','D. postponed','','Answer: D',NULL,NULL,NULL,NULL,NULL,NULL),('116',': Most serious problems with the computer system arise from people ---------- installing illegal software.','A. known','B. knowingly','C. knowledge','D. knowledgeable','','Answer: B',NULL,NULL,NULL,NULL,NULL,NULL),('116.','Most serious problems with the computer system arise from people ---------- installing illegal software.','A. known','B. knowingly','C. knowledge','D. knowledgeable','','Answer: B',NULL,NULL,NULL,NULL,NULL,NULL),('117',': The machine prints ---------- a ticket right after the customer enters his or her reservation number.','A. of','B. within','C. between','D. out','','Answer: D',NULL,NULL,NULL,NULL,NULL,NULL),('117.','The machine prints ---------- a ticket right after the customer enters his or her reservation number.','A. of','B. within','C. between','D. out','','Answer: D',NULL,NULL,NULL,NULL,NULL,NULL),('118',': Thanks to their efficient work, the product ---------- will be offered a better contract.','A. developers','B. developments','C. developed','D. develops','','Answer: A',NULL,NULL,NULL,NULL,NULL,NULL),('118.','Thanks to their efficient work, the product ---------- will be offered a better contract.','A. developers','B. developments','C. developed','D. develops','','Answer: A',NULL,NULL,NULL,NULL,NULL,NULL),('119',': We, at Smithan, Inc., ensure a ---------- working environment to improve employee morale.','A. pleasant','B. tender','C. confident','D. fragile','','Answer: A',NULL,NULL,NULL,NULL,NULL,NULL),('119.','We, at Smithan, Inc., ensure a ---------- working environment to improve employee morale.','A. pleasant','B. tender','C. confident','D. fragile','','Answer: A',NULL,NULL,NULL,NULL,NULL,NULL),('12','Theo qui định của Pháp luật, chương trình đào tạo Phần kiến thức chung dành cho đại lý bảo hiểm gồm:','A. Kiến thức chung về bảo hiểm; Pháp luật về kinh doanh bảo hiểm','B. Trách nhiệm của đại lý, đạo đức hành nghề đại lý; Quyền và nghĩa vụ của doanh nghiệp bảo hiểm, chi nhánh doanh nghiệp bảo hiểm phi nhân thọ nước ngoài, đại lý bảo hiểm trong hoạt động đại lý bảo hiểm','C. Kỹ năng bán bảo hiểm','D. Cả A,B,C','','ANSWER: D',NULL,NULL,NULL,NULL,NULL,NULL),('12. CNXH','Nguồn gốc của tôn giáo','A. Nguồn gốc nhận thức','B. Nguồn gốc tự nhiên, kinh tế - xã hội','C. Nguồn gốc lịch sử','D. Nguồn gốc quần chúng','','ANSWER: A','/images/12. CNXHcontent.jpg','/images/12. CNXHchoice1.png','/images/12. CNXHchoice2.jpg',NULL,NULL,NULL),('120',': Mr. Canberra removed some tables from the presentation slides because they were too ----------.','A. distract','B. distraction','C. distractedly','D. distracting','','Answer: D',NULL,NULL,NULL,NULL,NULL,NULL),('120.','Mr. Canberra removed some tables from the presentation slides because they were too ----------.','A. distract','B. distraction','C. distractedly','D. distracting','','Answer: D',NULL,NULL,NULL,NULL,NULL,NULL),('121',': All employees are requested to attend the dinner in ---------- of this year\'s success.','A. progress','B. celebration','C. approval','D. encouragement','','Answer: B',NULL,NULL,NULL,NULL,NULL,NULL),('122',': When Ms. Myer ---------- Beijing for an international conference, she will meet with the regional manager as well.','A. visits','B. to visit','C. was visiting','D. visiting','','Answer: A',NULL,NULL,NULL,NULL,NULL,NULL),('122.','When Ms. Myer ---------- Beijing for an international conference, she will meet with the regional manager as well.','A. visits','B. to visit','C. was visiting','D. visiting','','Answer: A',NULL,NULL,NULL,NULL,NULL,NULL),('123',': InfoWorks Technology has been dedicated to offering ---------- products at reasonable prices.','A. skilled','B. earnest','C. tactful','D. reliable','','Answer: D',NULL,NULL,NULL,NULL,NULL,NULL),('123.','InfoWorks Technology has been dedicated to offering ---------- products at reasonable prices.','A. skilled','B. earnest','C. tactful','D. reliable','','Answer: D',NULL,NULL,NULL,NULL,NULL,NULL),('124',': ---------- in the entertainment and art in-dustry has dramatically increased in the last few years.','A. Competition','B. Competitor','C. Competitive','D. Compete','','Answer: A',NULL,NULL,NULL,NULL,NULL,NULL),('124.','---------- in the entertainment and art in-dustry has dramatically increased in the last few years.','A. Competition','B. Competitor','C. Competitive','D. Compete','','Answer: A',NULL,NULL,NULL,NULL,NULL,NULL),('125',': ---------- a news report, the agricultural industry has recently generated more profits than ever before.','A. According to','B. Nevertheless','C. Even though','D. As if','','Answer: A',NULL,NULL,NULL,NULL,NULL,NULL),('125.','---------- a news report, the agricultural industry has recently generated more profits than ever before.','A. According to','B. Nevertheless','C. Even though','D. As if','','Answer: A',NULL,NULL,NULL,NULL,NULL,NULL),('126',': The city governor is taking ---------- measures to shift passenger traffic from road to rail.','A. signify','B. significant','C. significantly','D. significance','','Answer: B',NULL,NULL,NULL,NULL,NULL,NULL),('126.','The city governor is taking ---------- measures to shift passenger traffic from road to rail.','A. signify','B. significant','C. significantly','D. significance','','Answer: B',NULL,NULL,NULL,NULL,NULL,NULL),('127',': The heating system malfunctioned due to a maintenance problem that ---------- last night.','A. emerged','B. engaged','C. released','D. reacted','','Answer: A',NULL,NULL,NULL,NULL,NULL,NULL),('127.','The heating system malfunctioned due to a maintenance problem that ---------- last night.','A. emerged','B. engaged','C. released','D. reacted','','Answer: A',NULL,NULL,NULL,NULL,NULL,NULL),('128',': Last Friday, marketing staff from all of the branches ---------- at Canaan Valley Resort for a quarterly meeting.','A. convene','B. convened','C. convenes','D. convening','','Answer: B',NULL,NULL,NULL,NULL,NULL,NULL),('128.','Last Friday, marketing staff from all of the branches ---------- at Canaan Valley Resort for a quarterly meeting.','A. convene','B. convened','C. convenes','D. convening','','Answer: B',NULL,NULL,NULL,NULL,NULL,NULL),('129',':Many ---------- scientists around the world were invited to the 20th annual Science Expo held in Bangkok.','A. definite','B. customary','C. notable','D. elaborate','','Answer: C',NULL,NULL,NULL,NULL,NULL,NULL),('129. ','Many ---------- scientists around the world were invited to the 20th annual Science Expo held in Bangkok.','A. definite','B. customary','C. notable','D. elaborate','','Answer: C',NULL,NULL,NULL,NULL,NULL,NULL),('13','Mức vốn pháp định của doanh nghiệp bảo hiểm nhân thọ, kinh doanh bảo hiểm nhân thọ (trừ bảo hiểm liên kết đơn vị, bảo hiểm hưu trí) và bảo hiểm sức khỏe là:','A. 1.000 tỷ đồng Việt Nam','B. 800 tỷ đồng Việt Nam','C. 600 tỷ đồng Việt Nam','D. 300 tỷ đồng Việt Nam','','ANSWER: C',NULL,NULL,NULL,NULL,NULL,NULL),('13. CNXH','Cương lĩnh dân tộc của chủ nghĩa Mác – Lênin','A. Có sự quản lý của một nhà nước','B. Có ngôn ngữ chung','C. Có chung phương thức sinh hoạt kinh tế','D. Các dân tộc hoàn toàn bình đẳng','','ANSWER: D','/images/13. CNXHcontent.jpg','/images/13. CNXHchoice1.jpg','/images/13. CNXHchoice2.png',NULL,NULL,NULL),('130',': Current sales trends reveal that customers are ---------- concerned with product designs.','A. excess','B. excessive','C. excessively','D. excessiveness','','Answer: C',NULL,NULL,NULL,NULL,NULL,NULL),('130.','Current sales trends reveal that customers are ---------- concerned with product designs.','A. excess','B. excessive','C. excessively','D. excessiveness','','Answer: C',NULL,NULL,NULL,NULL,NULL,NULL),('131',': Halloween parades did not interest many residents two years ago, but actively promoting them attracted more people in ---------- years.','A. subsequent','B. next','C. followed','D. late','','Answer: A',NULL,NULL,NULL,NULL,NULL,NULL),('131.','Halloween parades did not interest many residents two years ago, but actively promoting them attracted more people in ---------- years.','A. subsequent','B. next','C. followed','D. late','','Answer: A',NULL,NULL,NULL,NULL,NULL,NULL),('132',': After Mari Kaketa ---------- Naltech Research, she dramatically improved its payroll system.','A. joins','B. joined','C. is joining','D. has been joining','','Answer: B',NULL,NULL,NULL,NULL,NULL,NULL),('132.','After Mari Kaketa ---------- Naltech Research, she dramatically improved its payroll system.','A. joins','B. joined','C. is joining','D. has been joining','','Answer: B',NULL,NULL,NULL,NULL,NULL,NULL),('133',': Unicendial Design has consistently focused on effective communication ---------- its employees.','A. under','B. past','C. among','D. behind','','Answer: C',NULL,NULL,NULL,NULL,NULL,NULL),('133.','Unicendial Design has consistently focused on effective communication ---------- its employees.','A. under','B. past','C. among','D. behind','','Answer: C',NULL,NULL,NULL,NULL,NULL,NULL),('134',': After only 2 months of use, the tires were beginning to show signs of ----------.','A. decrease','B. shape','C. limit','D. wear','','Answer: D',NULL,NULL,NULL,NULL,NULL,NULL),('134.','After only 2 months of use, the tires were beginning to show signs of ----------.','A. decrease','B. shape','C. limit','D. wear','','Answer: D',NULL,NULL,NULL,NULL,NULL,NULL),('135',': The recent hike in sales of the IZIP mountain bike is mainly due to ---------- efforts to improve product quality.','A. deliberates','B. deliberately','C. deliberate','D. deliberating','','Answer: C',NULL,NULL,NULL,NULL,NULL,NULL),('135.','The recent hike in sales of the IZIP mountain bike is mainly due to ---------- efforts to improve product quality.','A. deliberates','B. deliberately','C. deliberate','D. deliberating','','Answer: C',NULL,NULL,NULL,NULL,NULL,NULL),('136',': By merging with Amico Electronics, ATE will stay in the top ---------- among flat TV manufacturers.','A. position','B. order','C. schedule','D. record','','Answer: A',NULL,NULL,NULL,NULL,NULL,NULL),('136.','By merging with Amico Electronics, ATE will stay in the top ---------- among flat TV manufacturers.','A. position','B. order','C. schedule','D. record','','Answer: A',NULL,NULL,NULL,NULL,NULL,NULL),('137',': Adding more professionals to Linc Realty will appeal to more homeowners ---------- the area.','A. somewhat','B. moreover','C. throughout','D. everywhere','','Answer: C',NULL,NULL,NULL,NULL,NULL,NULL),('137.','Adding more professionals to Linc Realty will appeal to more homeowners ---------- the area.','A. somewhat','B. moreover','C. throughout','D. everywhere','','Answer: C',NULL,NULL,NULL,NULL,NULL,NULL),('138',': Securing customers\' personal information may be a ---------- element to technology executives.','A. key','B. handy','C. marginal','D. complete','','Answer: A',NULL,NULL,NULL,NULL,NULL,NULL),('138.','Securing customers\' personal information may be a ---------- element to technology executives.','A. key','B. handy','C. marginal','D. complete','','Answer: A',NULL,NULL,NULL,NULL,NULL,NULL),('139',': Our new ---------- account will earn you higher interest on every dollar you deposit.','A. save','B. saved','C. savings','D. safely','','Answer: C',NULL,NULL,NULL,NULL,NULL,NULL),('139.','Our new ---------- account will earn you higher interest on every dollar you deposit.','A. save','B. saved','C. savings','D. safely','','Answer: C',NULL,NULL,NULL,NULL,NULL,NULL),('13fsdf','ádfsdf','A.ffff','B.regfsd','','','','ANSWER: B','/images/13fsdfcontent.jpg','/images/13fsdfchoice1.jpg','/images/13fsdfchoice2.jpg',NULL,NULL,NULL),('14','Đại lý bảo hiểm không được doanh nghiệp bảo hiểm uỷ quyền tiến hành hoạt động nào dưới đây:','A. Thu xếp việc giao kết hợp đồng bảo hiểm.','B. Thu xếp giải quyết bồi thường, trả tiền bảo hiểm khi xảy ra sự kiện bảo hiểm.','C. Thu phí bảo hiểm.','D. Trực tiếp ký kết hợp đồng bảo hiểm.','','ANSWER: D',NULL,NULL,NULL,NULL,NULL,NULL),('14. CNXH','Chức năng của Nhà nước xã hội chủ nghĩa căn cứ vào phạm vi tác động của quyền lực:','A. Chức năng đối nội và chức năng đối ngoại.','B. Chức năng chính trị, kinh tế, văn hóa, xã hội.','C.  Chức năng giai cấp (trấn áp) và chức năng xã hội','D.  Chức năng quản lý xã hội, tổ chức xã hội','','ANSWER: A','/images/14. CNXHcontent.jpg',NULL,NULL,NULL,NULL,NULL),('140',': If you wish to know whether you ---------- for a mortgage, simply click on the link provided below.','A. equip','B. supply','C. arrange','D. qualify','','Answer: D',NULL,NULL,NULL,NULL,NULL,NULL),('140.','If you wish to know whether you ---------- for a mortgage, simply click on the link provided below.','A. equip','B. supply','C. arrange','D. qualify','','Answer: D',NULL,NULL,NULL,NULL,NULL,NULL),('15','Theo Luật kinh doanh bảo hiểm, thời gian 15 ngày là quy định về thời hạn nào trong những thời hạn dưới đây:','A. Thời hiệu khởi kiện về hợp đồng bảo hiểm, kể từ ngày pháp sinh tranh chấp.','B. Thời hạn doanh nghiệp bảo hiểm phải trả tiền bảo hiểm hoặc bồi thường kể từ ngày nhận được đầy đủ hồ sơ hợp lệ về yêu cầu trả tiền bảo hiểm hoặc bồi thường (trừ trường hợp có thỏa thuận khác về thời hạn trong hợp đồng bảo hiểm).','C. Thời hạn yêu cầu trả tiền bảo hiểm hoặc bồi thường theo hợp đồng bảo hiểm, kể từ ngày xảy ra sự kiện bảo hiểm.','','','ANSWER: B',NULL,NULL,NULL,NULL,NULL,NULL),('15. CNXH','Cơ cấu xã hội - giai cấp trong thời kỳ quá độ lên chủ nghĩa xã hội ở Việt Nam có những đặc điểm nổi bật sau:','A. Cơ cấu xã hội - giai cấp biến đổi và phát triển trong mối quan hệ vừa đấu tranh, vừa liên minh (đặc biệt là liên minh công - nông - trí thức),','B. Sự biến đổi cơ cấu xã hội - giai cấp vừa đảm bảo tính qui luật phổ biến, vừa mang tính đặc thù của xã hội Việt Nam','C. Trong sự biến đổi của cơ cấu xã hội - giai cấp, vị trí, vai trò của các giai cấp, tầng lớp xã hội ngày càng được khẳng định','D. Xuất phát từ chính nhu cầu và lợi ích kinh tế của họ nên các chủ thể của các lĩnh vực công nghiệp, nông nghiệp, dịch vụ, khoa học và công nghệ….','','ANSWER: B','/images/15. CNXHcontent.jpg',NULL,NULL,NULL,NULL,NULL),('16','Chọn 1 phương án đúng về đặc điểm của nghiệp vụ bảo hiểm trọn đời:','A. Doanh nghiệp bảo hiểm trả tiền bảo hiểm cho người thụ hưởng khi bên mua bảo hiểm chết ở bất kỳ thời điểm nào trong suốt cuộc đời của người đó','B. Doanh nghiệp bảo hiểm trả tiền bảo hiểm cho người thụ hưởng khi người được bảo hiểm vẫn sống tại thời điểm kết thúc hiệu lực hợp đồng','C. Doanh nghiệp bảo hiểm trả tiền bảo hiểm cho người thụ hưởng khi người được bảo hiểm chết vào bất kỳ thời điểm nào trong suốt cuộc đời của người đó','','','ANSWER: C',NULL,NULL,NULL,NULL,NULL,NULL),('16. CNXH','Cơ cấu xã hội - giai cấp trong thời kỳ quá độ lên chủ nghĩa xã hội ở Việt Nam có những đặc điểm nổi bật sau:','A. Cơ cấu xã hội - giai cấp biến đổi và phát triển trong mối quan hệ vừa đấu tranh, vừa liên minh (đặc biệt là liên minh công - nông - trí thức),','B. Sự biến đổi cơ cấu xã hội - giai cấp vừa đảm bảo tính qui luật phổ biến, vừa mang tính đặc thù của xã hội Việt Nam','C. Đấu tranh giai cấp và liên minh giai cấp để đi tới xoá bỏ sự phân chia giai cấp, tiến đến một xã hội không có giai cấp','D. Xuất phát từ chính nhu cầu và lợi ích kinh tế của họ nên các chủ thể của các lĩnh vực công nghiệp, nông nghiệp, dịch vụ, khoa học và công nghệ….','','ANSWER: B','/images/16. CNXHcontent.jpg',NULL,NULL,NULL,NULL,NULL),('17','Trong trường hợp NĐBH của Sản phẩm Bảo hiểm Ung Thư 360 tử vong và Manulife đã chi trả QLBH Trợ Cấp Thu Nhập vượt quá thời điểm này, Manulife sẽ:','A. Không cấn trừ số tiền đã chi trả dư vào quyền lợi Tử Vong.','B. Cấn trừ số tiền đã chi trả dư vào quyền lợi Tử Vong.','C. Cả hai đáp án trên đều đúng.','','','ANSWER: B',NULL,NULL,NULL,NULL,NULL,NULL),('17. CNXH','Cơ cấu xã hội - giai cấp của Việt Nam ở thời kỳ quá độ lên chủ nghĩa xã hội bao gồm những giai cấp, tầng lớp cơ bản sau:','A. Dân tự do, dân nhập cư, người lao động trong nhà máy xí nghiệp','B. Tiểu chủ tiểu thương, tư sản và người kinh daonh nhỏ','C. Lao động tự do, Trí thức tiểu tư sản, Các ông chủ tư bản.','D. Phụ nữ, Đội ngũ trí thức, Đội ngũ doanh nhân','','ANSWER: D','/images/17. CNXHcontent.jpg','/images/17. CNXHchoice1.png','/images/17. CNXHchoice2.jpg','/images/17. CNXHchoice3.jpg','/images/17. CNXHchoice4.jpg',NULL),('18','Chọn phương án sai về trường hợp Hợp đồng bảo hiểm vô hiệu:','A. Tại thời điểm giao kết hợp đồng bảo hiểm, đối tượng bảo hiểm không tồn tại.','B. Tại thời điểm giao kết hợp đồng bảo hiểm, bên mua bảo hiểm biết sự kiện bảo hiểm đã xảy ra.','C. Đại lý bảo hiểm không nộp phí bảo hiểm đã thu của bên mua bảo hiểm cho doanh nghiệp bảo hiểm.','D. Bên mua bảo hiểm không có quyền lợi có thể được bảo hiểm.','','ANSWER: C',NULL,NULL,NULL,NULL,NULL,NULL),('18. CNXH','CNXHKH tập trung nghiên cứu nội dung nào của cơ cấu xã hội','A. Cơ cấu xã hội - Nghề nghiệp','B. Cơ cấu xã hội - Tôn giáo','C. Cơ cấu xã hội - Dân tộc','D. Cơ cấu xã hội - Giai cấp','','ANSWER: D','/images/18. CNXHcontent.jpg','/images/18. CNXHchoice1.jpg','/images/18. CNXHchoice2.png','/images/18. CNXHchoice3.png','/images/18. CNXHchoice4.jpg',NULL),('19','Đại lý bảo hiểm không được tranh giành khách hàng dưới các hình thức ngăn cản, lôi kéo, mua chuộc, đe dọa nhân viên hoặc khách hàng của:','A. Doanh nghiệp bảo hiểm khác','B. Đại lý bảo hiểm khác','C. Doanh nghiệp môi giới bảo hiểm khác','D. Cả A, B, C','','ANSWER: D',NULL,NULL,NULL,NULL,NULL,NULL),('19. CNXH','Trong các bản chất của nền dân chủ XHCN bản chất nào quan trọng nhất','A. Bản chất chính trị','B. Bản chất kinh tế','C. Bản chất tư tưởng - văn hóa - xã hội','D. Các bản chất nào cũng quan trọng','','ANSWER: A','/images/19. CNXHcontent.jpg','/images/19. CNXHchoice1.jpg','/images/19. CNXHchoice2.jpg','/images/19. CNXHchoice3.png','/images/19. CNXHchoice4.png',NULL),('2','Theo quy định của Pháp luật, Văn phòng đại diện của doanh nghiệp bảo hiểm, doanh nghiệp môi giới bảo hiểm nước ngoài tại Việt Nam được thực hiện hoạt động nào sau đây:','A. Xúc tiến xây dựng các dự án đầu tư của doanh nghiệp bảo hiểm, doanh nghiệp môi giới bảo hiểm nước ngoài.','B. Thúc đẩy và theo dõi việc thực hiện các dự án do doanh nghiệp bảo hiểm, doanh nghiệp môi giới bảo hiểm nước ngoài tài trợ tại Việt Nam.','C. Nghiên cứu thị trường.','D. A, B, C đúng.','','ANSWER: D',NULL,NULL,NULL,NULL,NULL,NULL),('20','Theo quy định của Pháp luật, hợp đồng bảo hiểm chấm dứt nếu bên mua bảo hiểm không đóng đủ phí bảo hiểm hoặc không đóng phí bảo hiểm theo thời hạn thỏa thuận trong hợp đồng bảo hiểm (trừ trường hợp các bên có thỏa thuận khác). Khi đó, bên mua bảo hiểm vẫn phải đóng đủ phí bảo hiểm đến thời điểm chấm dứt hợp đồng bảo hiểm nếu hợp đồng bảo hiểm đó là:','A. Hợp đồng bảo hiểm con người (A)','B. Hợp đồng bảo hiểm tài sản (B)','C. Hợp đồng bảo hiểm trách nhiệm dân sự (C)','D. B, C đúng','','ANSWER: D',NULL,NULL,NULL,NULL,NULL,NULL),('20. CNXH','Quan điểm của chủ nghĩa Mác – Lênin dân chủ có một số nội dung cơ bản nào?','A. Phương diện chế độ xã hội và trong lĩnh vực chính trị, dân chủ là một hình thức hay hình thái nhà nước','B. Phương diện phát triển của lịch sử, dân chủ là tiêu chí để đánh giá trình độ phát triển của trí tuệ loài người.','C. Phương diện tổ chức và quản lý xã hội, dân chủ là một nguyên tắc - nguyên tắc dân chủ.','D. Cả 3 phương án đều đúng','','ANSWER: A','/images/20. CNXHcontent.png','/images/20. CNXHchoice1.png','/images/20. CNXHchoice2.jpg','/images/20. CNXHchoice3.png','/images/20. CNXHchoice4.png',NULL),('21','Trong Sản phẩm Bảo hiểm Ung Thư 360, trong trường hợp con của Người Được Bảo Hiểm được Manulife chấp thuận cấp quyền lợi Bảo Hiểm Miễn Phí Dành Cho Con Của Người Được Bảo Hiểm, ngày bắt đầu bảo hiểm sẽ là:','A. Ngày Manulife đồng ý cấp quyền lợi Bảo Hiểm Miễn Phí Dành Cho Con Của Người Được Bảo Hiểm','B. Ngày Manulife chấp nhận chi trả quyền lợi Ung Thư Giai Đoạn Cuối cho Người Được Bảo Hiểm.','C. Ngày hoàn thành hồ sơ yêu cầu cấp quyền lợi Bảo Hiểm Miễn Phí Dành Cho Con Của Người Được Bảo Hiểm','D. Ngày Người Được Bảo Hiểm được chẩn đoán mắc bệnh Ung Thư Giai Đoạn Cuối','','ANSWER: D',NULL,NULL,NULL,NULL,NULL,NULL),('21. CNXH','Sự biến đổi có tính qui luật của cơ cấu xã hội – giai cấp trong thời kỳ quá độ lên chủ nghĩa xã hội','A. Cơ cấu xã hội - giai cấp biến đổi chưa thấy được thời đại ngày nay là thời đại quá độ từ chủ nghĩa tư bản lên CNXH trên phạm vi thế giới..','B. Cơ cấu xã hội - giai cấp biến đổi nhưng chưa thấy được vai trò của Đảng Cộng sản là nhân tố quyết định trước tiên đảm bảo thực hiện thắng lợi sứ mệnh lịch sử của giai cấp công nhân.','C. Cơ cấu xã hội - giai cấp biến đổi gắn liền và bị quy định bởi cơ cấu kinh tế của thời kỳ quá độ lên chủ nghĩa xã hội','D. Cơ cấu xã hội - giai cấp biến đổi và xây dựng những hệ thống lý luận thuần túy về tư tưởng, không xuất phát từ thực tiễn nên không phản ánh được các mâu thuẫn xã hội và đưa ra giải pháp cho các mâu thuẫn đó.','','ANSWER: C',NULL,NULL,NULL,NULL,NULL,NULL),('22','Khoản tiền mà bên mua bảo hiểm đóng cho doanh nghiệp bảo hiểm theo thỏa thuận trong hợp đồng bảo hiểm là:','A. Số tiền bảo hiểm.','B. Giá trị bảo hiểm.','C. Số tiền bồi thường.','D. Phí bảo hiểm.','','ANSWER: D',NULL,NULL,NULL,NULL,NULL,NULL),('22. CNXH','Điều kiện tiên quyết bảo đảm bản chất của nền Dân chủ XHCN là:','A. Về Kinh tế: Xây dựng chế độ công hữu về tư liệu sản xuất','B. Về Chính trị Đảm bảo vai trò lãnh đạo duy nhất của Đảng cộng sản','C.  Về Xã hội: Xây dựng một hệ thống luật pháp đảm bảo quyền làm chủ của nhân dân','D.  Cả 3 phương án đều đúng.','','ANSWER: B',NULL,NULL,NULL,NULL,NULL,NULL),('23','Trong trường hợp không có thỏa thuận về thời hạn, doanh nghiệp bảo hiểm phải trả tiền bảo hiểm hoặc bồi thường cho người được bảo hiểm trong vòng:','A. 45 ngày kể từ ngày nhận được đầy đủ hồ sơ hợp lệ về yêu cầu trả tiền bảo hiểm hoặc bồi thường.','B. 30 ngày kể từ ngày nhận được đầy đủ hồ sơ hợp lệ về yêu cầu trả tiền bảo hiểm hoặc bồi thường.','C. 60 ngày kể từ ngày nhận được đầy đủ hồ sơ hợp lệ về yêu cầu trả tiền bảo hiểm hoặc bồi thường.','D. 15 ngày kể từ ngày nhận được đầy đủ hồ sơ hợp lệ về yêu cầu trả tiền bảo hiểm hoặc bồi thường.','','ANSWER: D',NULL,NULL,NULL,NULL,NULL,NULL),('23. CNXH','Để chế độ dân chủ xã hội chủ nghĩa thực sự quyền lực thuộc về nhân dân cần nhiều yếu tố nào?','A. Trình độ dân trí','B. Xã hội công dân','C. Quyền tham gia vào các quyết sách của nhà nước','D. Cả 3 phương án trên','','ANSWER: D','/images/23. CNXHcontent.jpg',NULL,NULL,NULL,NULL,NULL),('24','Việc yêu cầu tham gia bảo hiểm được thực hiện bởi:','A. Môi giới bảo hiểm.','B. Doanh nghiệp bảo hiểm','C. Đại lý bảo hiểm.','D. Bên mua bảo hiểm.','','ANSWER: D',NULL,NULL,NULL,NULL,NULL,NULL),('24. CNXH','Liên minh giai cấp, tầng lớp trong thời kỳ quá độ lên chủ nghĩa xã hội xét dưới góc độ chính trị:','A. Đấu tranh giai cấp và liên minh giai cấp để đi tới xoá bỏ sự phân chia giai cấp, tiến đến một xã hội không có giai cấp.','B. Quá trình biến đổi cơ cấu xã hội - giai cấp cũ sang cơ cấu xã hội - giai cấp mới là một quá trình diễn ra dần dần từng bước và là một quá trình liên tục trong suốt TKQĐ.','C. Cơ cấu xã hội - giai cấp biến đổi và phát triển trong mối quan hệ vừa đấu tranh, vừa liên minh (đặc biệt là liên minh công - nông - trí thức), xích lại gần nhau, tiến tới từng bước xoá bỏ hiện tượng bóc lột giai cấp trong xã hội.','D. Giai cấp công nhân phải liên minh với giai cấp nông dân và các tầng lớp nhân dân lao động để tạo sức mạnh tổng hợp đảm bảo cho thắng lợi của cuộc cách mạng xã hội chủ nghĩa cả trong giai đoạn giành chính quyền và giai đoạn xây dựng chế độ xã hội mới.','','ANSWER: D',NULL,NULL,NULL,NULL,NULL,NULL),('25','Trong nghiệp vụ bảo hiểm trả tiền định kỳ, khi người được bảo hiểm còn sống nhưng chưa đạt đến thời hạn nhất định theo thỏa thuận trong hợp đồng bảo hiểm, doanh nghiệp bảo hiểm có trách nhiệm:','A. Chi trả tiền bảo hiểm cho Bên mua bảo hiểm','B. Chi trả tiền bảo hiểm cho Người thụ hưởng','C. Không chi trả bất cứ quyền lợi bảo hiểm nào cả','D. Chi trả tiền bảo hiểm cho Người được bảo hiểm','','ANSWER: C',NULL,NULL,NULL,NULL,NULL,NULL),('25. CNXH','Xây dựng và hoàn thiện Nhà nước Pháp quyền XHCN là','A. Cải cách thể chế và phương thức hoạt động của Nhà nước.','B. Xây dựng đội ngũ cán bộ, công chức trong sạch, có năng lực.','C. Đấu tranh phòng, chống tham nhũng, lãng phí, thực hành tiết kiệm.','D. Cả 3 phương án đều đúng','','ANSWER: D',NULL,NULL,NULL,NULL,NULL,NULL),('26','Đại lý bảo hiểm có thể:','A. Lựa chọn và ký kết hợp đồng đại lý bảo hiểm đối với doanh nghiệp bảo hiểm theo đúng quy định pháp luật','B. Yêu cầu doanh nghiệp bảo hiểm hoàn trả tiền ký quỹ hoặc tài sản thế chấp theo thỏa thuận trong hợp đồng đại lý bảo hiểm','C. Sửa đổi, bổ sung điều khoản trong hợp đồng bảo hiểm theo ý kiến của bên mua bảo hiểm','D. A, B đúng','','ANSWER: D',NULL,NULL,NULL,NULL,NULL,NULL),('26. CNXH','Liên minh giai cấp, tầng lớp trong thời kỳ quá độ lên chủ nghĩa xã hội xét dưới góc độ chính trị:','A. Đấu tranh giai cấp và liên minh giai cấp để đi tới xoá bỏ sự phân chia giai cấp, tiến đến một xã hội không có giai cấp.','B. Quá trình biến đổi cơ cấu xã hội - giai cấp cũ sang cơ cấu xã hội - giai cấp mới là một quá trình diễn ra dần dần từng bước và là một quá trình liên tục trong suốt TKQĐ.','C. Cơ cấu xã hội - giai cấp biến đổi và phát triển trong mối quan hệ vừa đấu tranh, vừa liên minh (đặc biệt là liên minh công - nông - trí thức), xích lại gần nhau, tiến tới từng bước xoá bỏ hiện tượng bóc lột giai cấp trong xã hội.','D. Giai cấp công nhân phải liên minh với giai cấp nông dân và các tầng lớp nhân dân lao động để tạo sức mạnh tổng hợp đảm bảo cho thắng lợi của cuộc cách mạng xã hội chủ nghĩa cả trong giai đoạn giành chính quyền và giai đoạn xây dựng chế độ xã hội mới.','','ANSWER: D',NULL,NULL,NULL,NULL,NULL,NULL),('27','Tỷ lệ hoa hồng tối đa tính trên phí bảo hiểm của hợp đồng bảo hiểm nhân thọ cá nhân đối với nghiệp vụ bảo hiểm trả tiền định kỳ, phương thức nộp phí bảo hiểm 1 lần là:','A. 10%','B. 15%','C. 5%','D. 7%','','ANSWER: D',NULL,NULL,NULL,NULL,NULL,NULL),('27. CNXH','Yếu tố quyết định mối quan hệ của cơ cấu xã hội - giai cấp trong thời kỳ quá độ lên CNXH là','A. Có chung lợi ích về kinh tế, chính trị, xã hội','B. Có chung mục tiêu xóa bỏ áp bức bóc lột','C. Có chung sức để cải tạo xã hội cũ xây dựng xã hội mới','D. Cả 3 phương án đều đúng','','ANSWER: C',NULL,NULL,NULL,NULL,NULL,NULL),('28','Chọn một phương án đúng về các đặc điểm của sản phẩm bảo hiểm nhân thọ hỗn hợp','A. Có giá trị hoàn lại, có chia lãi hoặc không chia lãi','B. Có cả 2 yếu tố bảo vệ và tiết kiệm','C. A, B đúng','D. Không có đáp án đúng','','ANSWER: C',NULL,NULL,NULL,NULL,NULL,NULL),('28. CNXH','Quan điểm cơ bản chính sách dân tộc của Đảng và nhà nước Việt Nam','A. Vấn đề dân tộc và đoàn kết dân tộc là vấn đề chiến lược cơ bản, lâu dài, đồng thời cũng là vấn đề cấp bách hiện nay của cách mạng Việt Nam.','B.  Các dân tộc trong đại gia đình Việt Nam bình đẳng, đoàn kết, tương trợ, giúp nhau cùng phát triển, cùng nhau phấn đấu thực hiện thắng lợi sự nghiệp công nghiệp hóa, hiện đại hóa đất nước....','C. Đảng, Nhà nước thực hiện nhất quán chính sách đại đoàn kết dân tộc.','D. Giữ gìn và phát huy những giá trị tích cực của truyền thống thờ cúng tổ tiên, tôn vinh những người có công với Tổ quốc và nhân dân.','','ANSWER: A',NULL,NULL,NULL,NULL,NULL,NULL),('29','Chọn phương án đúng về nghiệp vụ bảo hiểm mà doanh nghiệp bảo hiểm nhân thọ và phi nhân thọ đều được triển khai:','A. Bảo hiểm hưu trí.','B. Bảo hiểm tài sản.','C. Bảo hiểm sức khỏe.','D. Không trường hợp nào đúng.','','ANSWER: C',NULL,NULL,NULL,NULL,NULL,NULL),('29. CNXH','Xây dựng và hoàn thiện Nhà nước pháp quyền xã hội chủ nghĩa ở Việt nam','A.  Xây dựng Nhà nước pháp quyền xã hội chủ nghĩa vững mạnh với tư cách điều kiện để thực thi dân chủ xã hội chủ nghĩa.','B. Xây dựng, hoàn thiện thể chế kinh tế thị trường định hướng xã hội chủ nghĩa tạo ra cơ sở kinh tế vững chắc cho xây dựng dân chủ xã hội chủ nghĩa..','C.  Cải cách thể chế và phương thức hoạt động của Nhà nước.','D. Cả 3 phương án đều đúng','','ANSWER: C',NULL,NULL,NULL,NULL,NULL,NULL),('3','Đại lý bảo hiểm không có quyền nào sau đây:','A. Yêu cầu doanh nghiệp bảo hiểm hoàn trả tiền ký quĩ hoặc thế chấp tài sản theo thỏa thuận trong hợp đồng đại lý bảo hiểm.','B. Tham dự các lớp đào tạo, bồi dưỡng, nâng cao trình độ cho đại lý bảo hiểm do doanh nghiệp bảo hiểm tổ chức.','C. Ký thay khách hàng.','D. Hưởng hoa hồng và các quyền, lợi ích hợp pháp khác từ hoạt động đại lý bảo hiểm.','','ANSWER: C',NULL,NULL,NULL,NULL,NULL,NULL),('30','Đại lý bảo hiểm có thể được lựa chọn và ký kết hợp đồng đại lý bảo hiểm với đối tượng nào dưới đây:','A. Doanh nghiệp bảo hiểm nhân thọ, doanh nghiệp bảo hiểm phi nhân thọ','B. Doanh nghiệp bảo hiểm sức khỏe, doanh nghiệp tái bảo hiểm','C. Chi nhánh doanh nghiệp bảo hiểm phi nhân thọ nước ngoài','D. Cả A, B, C','','ANSWER: D',NULL,NULL,NULL,NULL,NULL,NULL),('30. CNXH','Điền vào chỗ trống cụm từ còn thiếu trong nội dung sau: Khác với nền dân chủ tư sản, bản chất kinh tế của nền dân chủ xã hội chủ nghĩa là thực hiện chế độ ……và thực hiện chế độ phân phối lợi ích theo kết quả lao động là chủ yếu.','A. Công hữu về tư liệu sản xuất','B. Công hữu về tư liệu sản xuất chủ yếu','C. Tư hữu về tư liệu sản xuất','D. Tồn tại nhiều hình thức sở hữu','','ANSWER: B',NULL,NULL,NULL,NULL,NULL,NULL),('31','Trong trường hợp bên mua bảo hiểm chứng minh được rằng họ không biết thời điểm xảy ra sự kiện bảo hiểm thì thời hạn yêu cầu trả tiền bảo hiểm hoặc bồi thường là:','A. 1 năm kể từ ngày xảy ra sự kiện bảo hiểm.','B. 1 năm kể từ ngày bên mua bảo hiểm biết việc xảy ra sự kiện bảo hiểm.','C.  2 năm kể từ ngày xảy ra sự kiện bảo hiểm.','D. 2 năm kể từ ngày bên mua bảo hiểm biết việc xảy ra sự kiện bảo hiểm.','','ANSWER: B',NULL,NULL,NULL,NULL,NULL,NULL),('31. CNXH','Tại sao trong cách mạng XHCN giai cấp công nhân cần thực hiện liên minh với các giai cấp, tầng lớp trong xã hội','A. Xuất phát từ nhu cầu khách quan của cuộc cách mạng','B. Xuất phát từ lợi ích chung của các giai cấp, tầng lớp.','C. Qui luật phổ biến và động lực cho sự phát triển các xã hội có giai cấp','D. Cả 3 phương án đều đúng','','ANSWER: D',NULL,NULL,NULL,NULL,NULL,NULL),('32','Bên mua bảo hiểm đã đóng phí bảo hiểm nhân thọ từ hai năm trở lên, nhưng không thể đóng các khoản phí bảo hiểm tiếp theo thì sau thời hạn 60 ngày, kể từ ngày gia hạn đóng phí, trừ trường hợp các bên có thỏa thuận khác, doanh nghiệp bảo hiểm có quyền đơn phương đình chỉ hợp đồng và bên mua bảo hiểm:','A. Nhận giá trị hoàn lại của hợp đồng bảo hiểm','B. Không có quyền đòi lại khoản phí bảo hiểm đã đóng','C. Nhận lại toàn bộ phí bảo hiểm đã đóng','','','ANSWER: A',NULL,NULL,NULL,NULL,NULL,NULL),('32. CNXH','Đặc điểm dân tộc Việt Nam','A. Các dân tộc hoàn toàn bình đẳng','B. Có trình độ phát triển không đều','C. Liên hiệp công nhân các dân tộc','D. Các dân tộc cư trú xen kẽ nhau','','ANSWER: B',NULL,NULL,NULL,NULL,NULL,NULL),('33','Quỹ bảo vệ người được bảo hiểm được thành lập tại doanh nghiệp bảo hiểm nhằm bảo vệ quyền lợi của người được bảo hiểm trong trường hợp nào sau đây:','A. Người được bảo hiểm bị thất nghiệp','B. Doanh nghiệp bảo hiểm phá sản hoặc mất khả năng thanh toán','C. Người được bảo hiểm gặp khó khăn về tài chính, không có khả năng đóng phí bảo hiểm','D. Người được bảo hiểm gặp rủi ro do chiến tranh, động đất','','ANSWER: B',NULL,NULL,NULL,NULL,NULL,NULL),('33. CNXH','Xu hướng biến đổi của cơ cấu xã hội - giai cấp trong TKQĐ lên CNXH của các quốc gia được qui định bởi','A. Sự khác biệt về trình độ phát triển kinh tế','B. Hoàn cảnh, điều kiện lịch sử cụ thể của mỗi nước','C. Những biến đổi trong nội bộ từng giai cấp, tầng lớp xã hội, nhóm xã hội','D. Cả 3 phương án trên đều đúng','','ANSWER: A',NULL,NULL,NULL,NULL,NULL,NULL),('34','Phát biểu nào sau đây là đúng về QLBH Ung Thư Chi Phí Lớn của Sản phẩm Bảo hiểm Ung Thư 360:','A. Chi trả 100% STBH khi NĐBH được chẩn đoán Ung Thư Giai Đoạn Sớm hoặc Ung Thư Giai Đoạn Cuối thuộc danh sách bệnh Ung Thư Chi Phí Lớn. QLBH này sẽ chấm dứt ngay sau khi Manulife chi trả quyền lợi Ung Thư Giai Đoạn Sớm hoặc Ung Thư Giai Đoạn Cuối.','B. Chi trả 100% STBH khi NĐBH được chẩn đoán Ung Thư Giai Đoạn Cuối thuộc danh sách bệnh Ung Thư Chi Phí Lớn. QLBH nàysẽ chấm dứt ngay sau khi Manulife chi trả QLBH Ung Thư Giai Đoạn Sớm hoặc Ung Thư Giai Đoạn Cuối.','C. Chi trả 50% STBH khi NĐBH được chẩn đoán Ung Thư Giai Đoạn Cuối thuộc danh sách bệnh Ung Thư Chi Phí Lớn. QLBH này sẽ chấm dứt ngay sau khi Manulife chấp nhận chi trả hoặc khi QLBH Ung Thư Giai Đoạn Cuối đã được chi trả.','D. Chi trả 50% STBH khi NĐBH được chẩn đoán Ung Thư Giai Đoạn Sớm hoặc Ung Thư Giai Đoạn Cuối thuộc danh sách bệnh Ung Thư Chi Phí Lớn. QLBH này sẽ chấm dứt ngay sau khi Manulife chi trả QLBH Ung Thư Giai Đoạn Sớm hoặc Ung Thư Giai Đoạn Cuối.','','ANSWER: C',NULL,NULL,NULL,NULL,NULL,NULL),('34. CNXH','Nguyên tắc giải quyết vấn đề tôn giáo trong thời kỳ quá độ lên CNXH','A. Tôn giáo là một hiện tượng xã hội – văn hóa do con người sáng tạo ra','B. Phân biệt mặt chính trị và tư tưởng, tín ngưỡng tôn giáo và lợi dụng tín ngưỡng tôn giáo','C. Khắc phục dần những ảnh hưởng tiêu cực của tôn giáo phải gắn liền với quá trình cải tạo xã hội cũ, xây dựng xã hội mới','D. Tôn giáo giúp con người có nhận thức nhất định về thế giới','','ANSWER: B',NULL,NULL,NULL,NULL,NULL,NULL),('35','Luật kinh doanh bảo hiểm quy định Bên mua bảo hiểm đóng phí bảo hiểm nhân thọ theo cách:','A. Đóng một lần theo quy định bắt buộc của Doanh nghiệp bảo hiểm','B. Đóng nhiều lần theo quy định bắt buộc của Doanh nghiệp bảo hiểm','C. Đóng một lần hoặc nhiều lần theo thời hạn, phương thức thỏa thuận trong hợp đồng bảo hiểm','D. A, B, C sai','','ANSWER: C',NULL,NULL,NULL,NULL,NULL,NULL),('35. CNXH','Quan niệm về dân chủ: Demkratos là?','A. Quyền lực của nhân dân','B. Nhân dân làm chủ','C. Quyền lực thuộc về nhân dân','D. Cả 3 phương án đều đúng','','ANSWER: C',NULL,NULL,NULL,NULL,NULL,NULL),('36','Ngày 1/1/2019, khách hàng A tham gia Sản phẩm Bảo hiểm Ung Thư 360. Đến 31/5/2020, khách hàng A được chẩn đoán mắc ung thư giai đoạn cuối, thuộc danh mục ung thư chi phí lớn, các quyền lợi mà khách hàng A nhận được là:','A. 150% số tiền bảo hiểm + quyền lợi miễn đóng phí +  quyền lợi trợ cấp thu nhập + quyền lợi miễn phí dành cho con','B. 150% số tiền bảo hiểm + quyền lợi miễn đóng phí + quyền lợi miễn phí dành cho con','C. 105% số tiền bảo hiểm + quyền lợi miễn đóng phí + quyền lợi trợ cấp thu nhập + quyền lợi miễn phí dành cho con','D. 160% số tiền bảo hiểm + quyền lợi miễn đóng phí + quyền lợi trợ cấp thu nhập + quyền lợi miễn phí dành cho con','','ANSWER: D',NULL,NULL,NULL,NULL,NULL,NULL),('36. CNXH','Sự khác biệt giữa khái niệm dân tộc theo nghĩa rộng và nghĩa hẹp thể hiện ở nội dung nào?','A. Các dân tộc có trình độ phát triển không đều','B. Các dân tộc không có ngôn ngữ chung của quốc gia','C. Các dân tộc không có lãnh thổ chung ổn định không bị chia cắt','D. Cả 3 phương án đều sai','','ANSWER: C',NULL,NULL,NULL,NULL,NULL,NULL),('37','Theo quy định của Pháp luật, phát biểu nào dưới đây sai:','A. Kinh doanh bảo hiểm là hoạt động của doanh nghiệp bảo hiểm nhằm mục đích sinh lợi, theo đó doanh nghiệp bảo hiểm nhận một khoản phí bảo hiểm của doanh nghiệp bảo hiểm khác để cam kết bồi thường cho các trách nhiệm đã nhận bảo hiểm.','B. Hoạt động đại lý bảo hiểm là hoạt động giới thiệu, chào bán bảo hiểm, thu xếp việc giao kết hợp đồng bảo hiểm và các công việc khác nhằm thực hiện hợp đồng bảo hiểm theo ủy quyền của doanh nghiệp bảo hiểm.','C. Sự kiện bảo hiểm là sự kiện khách quan do các bên thỏa thuận hoặc pháp luật quy định mà khi sự kiện đó xảy ra thì doanh nghiệp bảo hiểm phải trả tiền bảo hiểm cho người thụ hưởng hoặc bồi thường cho người được bảo hiểm.','','','ANSWER: A',NULL,NULL,NULL,NULL,NULL,NULL),('37. CNXH','Về phương diện thế giới quan','A. Tôn giáo mang thế giới quan duy vật','B. Tôn giáo mang thế giới quan siêu hình','C. Tôn giáo mang thế giới quan duy tâm','D. Tôn giáo mang thế giới quan biện chứng','','ANSWER: C',NULL,NULL,NULL,NULL,NULL,NULL),('38','Cơ quan có trách nhiệm kiểm tra, giám sát hoạt động đào tạo đại lý bảo hiểm là:','A. Bộ Tài chính.','B. Bộ Công thương.','C. Hiệp hội bảo hiểm Việt Nam.','D. Bộ Giáo dục và Đào tạo.','','ANSWER: A',NULL,NULL,NULL,NULL,NULL,NULL),('38. CNXH','Trong các bản chất của nhà nước xã hội chủ nghĩa bản chất nào là quan trọng nhất?','A. Về Kinh tế','B. Về Chính trị','B.  Về Văn hóa – Tư tưởng','D. Không có bản chất quan trọng nhất','','ANSWER: B',NULL,NULL,NULL,NULL,NULL,NULL),('39','Theo quy định của pháp luật về kinh doanh bảo hiểm, các sản phẩm thuộc nghiệp vụ bảo hiểm nhân thọ trước khi triển khai phải được:','A. Bộ Tài chính phê chuẩn quy tắc, điều khoản, biểu phí','B. Đăng ký quy tắc, điều khoản, biểu phí với Hiệp hội Bảo hiểm Việt Nam','C. Đăng ký quy tắc, điều khoản, biểu phí với Bộ Tài chính','D. Hiệp hội Bảo hiểm Việt Nam phê chuẩn quy tắc, điều khoản, biểu phí','','ANSWER: A',NULL,NULL,NULL,NULL,NULL,NULL),('39. CNXH','Trong các nôi dung của cương lĩnh dân tộc của Chủ nghĩa Mác - Lênin nội dung nào là quan trọng nhất?','A. Các dân tộc hoàn toàn bình đẳng','B. Các dân tộc được quyền tự quyết','C. Liên hiệp công nhân tất cả các dân tộc','D. Không có nội dung quan trọng nhất','','ANSWER: C',NULL,NULL,NULL,NULL,NULL,NULL),('4','Anh A 33 tuổi tham gia một hợp đồng Bảo Hiểm Ung Thư 360 vào ngày 01/05/2019 với STBH 01 tỷ đồng. Trong thời gian hợp đồng có hiệu lực, anh A lần lượt gặp các rủi ro sau: Ngày 04/07/2025: được chẩn đoán mắc ung thư dạ dày giai đoạn sớm.  Ngày 30/10/2025: phẫu thuật tái tạo hình dạng dạ dày (Phẫu Thuật Phục Hồi). Ngày 07/09/2028: tử vong do tai nạn. Giả sử các sự kiện trên đều được Manulife chấp thuận chi trả, tổng số tiền mà anh A sẽ nhận được là:','A. 1,7 tỷ đồng.','B. 2,7 tỷ đồng.','C. 1,5 tỷ đồng.','D. 2,5 tỷ đồng.','','ANSWER: A',NULL,NULL,NULL,NULL,NULL,NULL),('40','Ý nào dưới đây là đúng về thời hạn bảo hiểm của Quyền lợi Bảo Hiểm Miễn Phí Dành Cho Con Của Người Được Bảo Hiểm trong Sản phẩm Bảo hiểm Ung Thư 360:','A. Thời hạn bảo hiểm tối đa là 20 năm','B. Tuổi bảo hiểm tối đa là 30 tuổi','C. Đáp án A hoặc B tùy thời điểm nào đến trước','','','ANSWER: C',NULL,NULL,NULL,NULL,NULL,NULL),('40. CNXH','Dân chủ là mục tiêu của chế độ xã hội chủ nghĩa thể hiện ở:','A. Dân giàu, nước mạnh, dân chủ, công bằng, văn minh','B. Do nhân dân làm chủ, quyền lực thuộc về nhân dân.','C. Phát huy sức mạnh của nhân dân, của toàn dân tộc','D. Cả 3 phương án đều đúng','','ANSWER: A',NULL,NULL,NULL,NULL,NULL,NULL),('41','CNXH:Chế độ dân chủ nhân dân ở Việt Nam được xác lập khi nào?','A. Sau cách mạng Tháng 8 năm 1945','B. Sau Đại hội Đảng lần thứ IV năm 1976','C.Sau Đại hội Đảng lần thứ VI năm 1986','D.Sau Đại hội Đảng lần thứ VII năm 1991','','ANSWER: A',NULL,NULL,NULL,NULL,NULL,NULL),('41. CNXH','Chế độ dân chủ nhân dân ở Việt Nam được xác lập khi nào?','A. Sau cách mạng Tháng 8 năm 1945','B. Sau Đại hội Đảng lần thứ IV năm 1976','C.Sau Đại hội Đảng lần thứ VI năm 1986','D.Sau Đại hội Đảng lần thứ VII năm 1991','','ANSWER: A',NULL,NULL,NULL,NULL,NULL,NULL),('42','CNXH:Sự biến đổi có tính qui luật của cơ cấu xã hội – giai cấp trong thời kỳ quá độ lên chủ nghĩa xã hội','A. Cơ cấu xã hội - giai cấp biến đổi phức tạp, đa dạng, làm xuất hiện các tầng lớp xã hội mới','B. Cơ cấu xã hội - giai cấp biến đổi nhưng chưa thấy được vai trò của Đảng Cộng sản là nhân tố quyết định trước tiên đảm bảo thực hiện thắng lợi sứ mệnh lịch sử của giai cấp công nhân.','C. Cơ cấu xã hội - giai cấp biến đổi gắn liền và bị quy định bởi cơ cấu kinh tế của thời kỳ quá độ lên chủ nghĩa xã hội','D. Cơ cấu xã hội - giai cấp biến đổi và xây dựng những hệ thống lý luận thuần túy về tư tưởng, không xuất phát từ thực tiễn nên không phản ánh được các mâu thuẫn xã hội và đưa ra giải pháp cho các mâu thuẫn đó.','','ANSWER: A',NULL,NULL,NULL,NULL,NULL,NULL),('42. CNXH','Sự biến đổi có tính qui luật của cơ cấu xã hội – giai cấp trong thời kỳ quá độ lên chủ nghĩa xã hội','A. Cơ cấu xã hội - giai cấp biến đổi phức tạp, đa dạng, làm xuất hiện các tầng lớp xã hội mới','B. Cơ cấu xã hội - giai cấp biến đổi nhưng chưa thấy được vai trò của Đảng Cộng sản là nhân tố quyết định trước tiên đảm bảo thực hiện thắng lợi sứ mệnh lịch sử của giai cấp công nhân.','C. Cơ cấu xã hội - giai cấp biến đổi gắn liền và bị quy định bởi cơ cấu kinh tế của thời kỳ quá độ lên chủ nghĩa xã hội','D. Cơ cấu xã hội - giai cấp biến đổi và xây dựng những hệ thống lý luận thuần túy về tư tưởng, không xuất phát từ thực tiễn nên không phản ánh được các mâu thuẫn xã hội và đưa ra giải pháp cho các mâu thuẫn đó.','','ANSWER: A',NULL,NULL,NULL,NULL,NULL,NULL),('43','CNXH:Xu hướng khách quan của sự phát triển quan hệ dân tộc','A. Các dân tộc hoàn toàn bình đẳng','B. Các dân tộc trong từng quốc gia, thậm chí các dân tộc ở nhiều quốc gia muốn liên hiệp lại với nhau','C. Liên hiệp công nhân tất cả các dân tộc','D. Cộng đồng dân cư muốn tách ra để hình thành cộng đồng dân tộc độc lập','','ANSWER: B',NULL,NULL,NULL,NULL,NULL,NULL),('43. CNXH','Xu hướng khách quan của sự phát triển quan hệ dân tộc','A. Các dân tộc hoàn toàn bình đẳng','B. Các dân tộc trong từng quốc gia, thậm chí các dân tộc ở nhiều quốc gia muốn liên hiệp lại với nhau','C. Liên hiệp công nhân tất cả các dân tộc','D. Cộng đồng dân cư muốn tách ra để hình thành cộng đồng dân tộc độc lập','','ANSWER: B',NULL,NULL,NULL,NULL,NULL,NULL),('44','CNXH: Liên minh giai cấp, tầng lớp trong thời kỳ quá độ lên chủ nghĩa xã hội','A. Xét dưới góc độ chính trị','B. Xét từ góc độ kinh tế','C. Xét dưới góc độ văn hóa tư tưởng','D. Xét dưới góc độ liên minh cơ cấu xã hội giai cấp','','ANSWER: A',NULL,NULL,NULL,NULL,NULL,NULL),('44. CNXH','Liên minh giai cấp, tầng lớp trong thời kỳ quá độ lên chủ nghĩa xã hội','A. Xét dưới góc độ chính trị','B. Xét từ góc độ kinh tế','C. Xét dưới góc độ văn hóa tư tưởng','D. Xét dưới góc độ liên minh cơ cấu xã hội giai cấp','','ANSWER: A',NULL,NULL,NULL,NULL,NULL,NULL),('45','CNXH:Nhà nước pháp quyền xã hội chủ nghĩa ở nước ta có đặc điểm cơ bản của như sau:','A.  Xây dựng Nhà nước pháp quyền quản lý xã hội bằng pháp luật','B.  Quyền lực nhà nước là thống nhất, có sự phân công rõ ràng, có cơ chế phối hợp nhịp nhàng và kiểm soát giữa các cơ quan: lập pháp, hành pháp và tư pháp.','C. Nhà nước pháp quyền mang bản chất của giai cấp công nhân, phục vụ cho lợi ích của giai cấp công nhân và nhân dân lao động','D.  Cả 3 phương án đều đúng','','ANSWER: B',NULL,NULL,NULL,NULL,NULL,NULL),('45. CNXH','Nhà nước pháp quyền xã hội chủ nghĩa ở nước ta có đặc điểm cơ bản của như sau:','A.  Xây dựng Nhà nước pháp quyền quản lý xã hội bằng pháp luật','B.  Quyền lực nhà nước là thống nhất, có sự phân công rõ ràng, có cơ chế phối hợp nhịp nhàng và kiểm soát giữa các cơ quan: lập pháp, hành pháp và tư pháp.','C. Nhà nước pháp quyền mang bản chất của giai cấp công nhân, phục vụ cho lợi ích của giai cấp công nhân và nhân dân lao động','D.  Cả 3 phương án đều đúng','','ANSWER: B',NULL,NULL,NULL,NULL,NULL,NULL),('46','CNXH:Nhà nước pháp quyền xã hội chủ nghĩa ở nước ta có đặc điểm cơ bản của như sau:','A. Xây dựng Nhà nước pháp quyền quản lý xã hội bằng pháp luật','B. Nhà nước pháp quyền mang bản chất của giai cấp công nhân, phục vụ cho lợi ích của giai cấp công nhân và nhân dân lao động','C. Nhà nước pháp quyền xã hội chủ nghĩa ở Việt Nam tôn trọng quyền con người, coi con người là chủ thể, là trung tâm của sự phát triển.','D. Cả 3 phương án đều đúng','','ANSWER: D',NULL,NULL,NULL,NULL,NULL,NULL),('46. CNXH','Nhà nước pháp quyền xã hội chủ nghĩa ở nước ta có đặc điểm cơ bản của như sau:','A. Xây dựng Nhà nước pháp quyền quản lý xã hội bằng pháp luật','B. Nhà nước pháp quyền mang bản chất của giai cấp công nhân, phục vụ cho lợi ích của giai cấp công nhân và nhân dân lao động','C. Nhà nước pháp quyền xã hội chủ nghĩa ở Việt Nam tôn trọng quyền con người, coi con người là chủ thể, là trung tâm của sự phát triển.','D. Cả 3 phương án đều đúng','','ANSWER: D',NULL,NULL,NULL,NULL,NULL,NULL),('47','CNXH:Nội dung kinh tế của liên minh giai cấp, tầng lớp trong thời kỳ quá độ lên chủ nghĩa xã hội ở Việt Nam?','A. Xuất phát từ chính nhu cầu và lợi ích kinh tế của họ nên các chủ thể của các lĩnh vực công nghiệp, nông nghiệp, dịch vụ, khoa học và công nghệ….','B. Giai cấp công nhân phải liên minh với giai cấp nông dân và các tầng lớp nhân dân lao động để tạo sức mạnh tổng hợp đảm bảo cho thắng lợi của cuộc cách mạng xã hội chủ nghĩa trong lĩnh vực kinh tế','C. Nội dung kinh tế của liên minh giai cấp công nhân với giai cấp nông dân và đội ngũ trí thức ở nước ta thực chất là sự hợp tác giữa họ, đồng thời mở rộng liên kết hợp tác với các lực lượng khác, đặc biệt là đội ngũ doanh nhân…','D. Đẩy mạnh công nghiệp hóa, hiện đại hóa, và chuyển dịch cơ cấu kinh tế từ một nền sản xuất nhỏ nông nghiệp là chính sang sản xuất hàng hóa lớn, phát triển công nghiệp, dịch vụ và khoa học - công nghệ…','','ANSWER: C',NULL,NULL,NULL,NULL,NULL,NULL),('47. CNXH','Nội dung kinh tế của liên minh giai cấp, tầng lớp trong thời kỳ quá độ lên chủ nghĩa xã hội ở Việt Nam?','A. Xuất phát từ chính nhu cầu và lợi ích kinh tế của họ nên các chủ thể của các lĩnh vực công nghiệp, nông nghiệp, dịch vụ, khoa học và công nghệ….','B. Giai cấp công nhân phải liên minh với giai cấp nông dân và các tầng lớp nhân dân lao động để tạo sức mạnh tổng hợp đảm bảo cho thắng lợi của cuộc cách mạng xã hội chủ nghĩa trong lĩnh vực kinh tế','C. Nội dung kinh tế của liên minh giai cấp công nhân với giai cấp nông dân và đội ngũ trí thức ở nước ta thực chất là sự hợp tác giữa họ, đồng thời mở rộng liên kết hợp tác với các lực lượng khác, đặc biệt là đội ngũ doanh nhân…','D. Đẩy mạnh công nghiệp hóa, hiện đại hóa, và chuyển dịch cơ cấu kinh tế từ một nền sản xuất nhỏ nông nghiệp là chính sang sản xuất hàng hóa lớn, phát triển công nghiệp, dịch vụ và khoa học - công nghệ…','','ANSWER: C',NULL,NULL,NULL,NULL,NULL,NULL),('48','CNXH:Cơ cấu xã hội được hiểu là:','A. Cơ cấu xã hội là những cộng đồng người cùng toàn bộ những mối quan hệ xã hội do sự tác động lẫn nhau của các cộng đồng ấy tạo nên.','B. Giai cấp công nhân thủ tiêu chủ nghĩa tư bản, từng bước xây dựng CNXH, CNCS trên phạm vi toàn thế giới.','C. Các giai cấp và liên minh giai cấp để đi tới xoá bỏ sự phân chia giai cấp, tiến đến một xã hội không có giai cấp.','D. Làm sáng tỏ giá trị của thời đại quá độ lên Chủ nghĩa xã hội','','ANSWER: A',NULL,NULL,NULL,NULL,NULL,NULL),('48. CNXH','Cơ cấu xã hội được hiểu là:','A. Cơ cấu xã hội là những cộng đồng người cùng toàn bộ những mối quan hệ xã hội do sự tác động lẫn nhau của các cộng đồng ấy tạo nên.','B. Giai cấp công nhân thủ tiêu chủ nghĩa tư bản, từng bước xây dựng CNXH, CNCS trên phạm vi toàn thế giới.','C. Các giai cấp và liên minh giai cấp để đi tới xoá bỏ sự phân chia giai cấp, tiến đến một xã hội không có giai cấp.','D. Làm sáng tỏ giá trị của thời đại quá độ lên Chủ nghĩa xã hội','','ANSWER: A',NULL,NULL,NULL,NULL,NULL,NULL),('49','CNXH:Mặt chính trị trong việc giải quyết vấn đề tôn giáo','A. Phản ánh mâu thuẫn đối kháng','B. Mâu thuẫn không đối kháng','C. Mâu thuẫn cơ bản','D. Mâu thuẫn không cơ bản','','ANSWER: A',NULL,NULL,NULL,NULL,NULL,NULL),('49. CNXH','Mặt chính trị trong việc giải quyết vấn đề tôn giáo','A. Phản ánh mâu thuẫn đối kháng','B. Mâu thuẫn không đối kháng','C. Mâu thuẫn cơ bản','D. Mâu thuẫn không cơ bản','','ANSWER: A',NULL,NULL,NULL,NULL,NULL,NULL),('5','Khách hàng A tham gia Sản phẩm Bảo hiểm Ung Thư 360 vào ngày 1/1/2019 với số tiền bảo hiểm là 500 triệu đồng. Ngày 17/03/2019, khách hàng A được chẩn đoán mắc ung thư giai đoạn sớm. Quyền lợi ung thư giai đoạn sớm khách hàng A nhận được là:','A. 250 triệu đồng','B. 300 triệu đồng','C. 0 đồng','D. 500 triệu đồng','','ANSWER: C',NULL,NULL,NULL,NULL,NULL,NULL),('50','CNXH:Đặc trưng cơ bản của một quốc gia dân tộc','A. Hoàn toàn bình đẳng','B. Là cộng đồng có chung ngôn ngữ','C.  Liên hiệp giai cấp công nhân của các dân tộc','D. Là cộng đồng có chung vùng lãnh thổ ổn định','','ANSWER: B',NULL,NULL,NULL,NULL,NULL,NULL),('50. CNXH','Đặc trưng cơ bản của một quốc gia dân tộc','A. Hoàn toàn bình đẳng','B. Là cộng đồng có chung ngôn ngữ','C.  Liên hiệp giai cấp công nhân của các dân tộc','D. Là cộng đồng có chung vùng lãnh thổ ổn định','','ANSWER: B',NULL,NULL,NULL,NULL,NULL,NULL),('51','CNXH:Sự biến đổi của cơ cấu xã hội giai cấp vận động theo qui luật nào?','A. Sự biến đổi của cơ cấu xã hội - giai cấp bị chi phối bởi những biến đổi trong cơ cấu kinh tế.','B. Sự biến đổi phức tạp, đa dạng của cơ cấu xã hội - giai cấp Việt Nam diễn ra trong nội bộ từng giai cấp, tầng lớp cơ bản của xã hội','C. Sự biến đổi phức tạp, đa dạng của cơ cấu xã hội - giai cấp Việt Nam diễn ra trong nội bộ từng giai cấp, tầng lớp cơ bản của xã hội','D. Cả 3 phương án đều đúng','','ANSWER: A',NULL,NULL,NULL,NULL,NULL,NULL),('51. CNXH','Sự biến đổi của cơ cấu xã hội giai cấp vận động theo qui luật nào?','A. Sự biến đổi của cơ cấu xã hội - giai cấp bị chi phối bởi những biến đổi trong cơ cấu kinh tế.','B. Sự biến đổi phức tạp, đa dạng của cơ cấu xã hội - giai cấp Việt Nam diễn ra trong nội bộ từng giai cấp, tầng lớp cơ bản của xã hội','C. Sự biến đổi phức tạp, đa dạng của cơ cấu xã hội - giai cấp Việt Nam diễn ra trong nội bộ từng giai cấp, tầng lớp cơ bản của xã hội','D. Cả 3 phương án đều đúng','','ANSWER: A',NULL,NULL,NULL,NULL,NULL,NULL),('52','CNXH: Điền vào chỗ trống cụm từ còn thiếu trong nội dung sau:  Dân chủ xã hội chủ nghĩa là nền dân chủ ………so với nền dân chủ tư sản, là nền dân chủ mà ở đó, mọi quyền lực thuộc về nhân dân, dân là chủ và dân làm chủ; dân chủ và pháp luật nằm trong sự thống nhất biện chứng; được thực hiện bằng nhà nước pháp quyền xã hội chủ nghĩa, đặt dưới sự lãnh đạo của Đảng Cộng sản.','A. Khác về chất','B. Cao hơn về chất','C. Phát triển cao hơn','D. Quan trọng hơn','','ANSWER: B',NULL,NULL,NULL,NULL,NULL,NULL),('52. CNXH','Điền vào chỗ trống cụm từ còn thiếu trong nội dung sau:  Dân chủ xã hội chủ nghĩa là nền dân chủ ………so với nền dân chủ tư sản, là nền dân chủ mà ở đó, mọi quyền lực thuộc về nhân dân, dân là chủ và dân làm chủ; dân chủ và pháp luật nằm trong sự thống nhất biện chứng; được thực hiện bằng nhà nước pháp quyền xã hội chủ nghĩa, đặt dưới sự lãnh đạo của Đảng Cộng sản.','A. Khác về chất','B. Cao hơn về chất','C. Phát triển cao hơn','D. Quan trọng hơn','','ANSWER: B','/images/52. CNXHcontent.jpg','/images/52. CNXHchoice1.jpg',NULL,NULL,NULL,NULL),('53','CNXH: Chức năng của Nhà nước xã hội chủ nghĩa căn cứ vào lĩnh vực tác động của quyền lực','A. Chức năng đối nội và chức năng đối ngoại.','B.  Chức năng chính trị, kinh tế, văn hóa, xã hội.','C. Chức năng giai cấp (trấn áp) và chức năng xã hội','D. Chức năng quản lý xã hội, tổ chức xã hội','','ANSWER: B',NULL,NULL,NULL,NULL,NULL,NULL),('53. CNXH','Chức năng của Nhà nước xã hội chủ nghĩa căn cứ vào lĩnh vực tác động của quyền lực','A. Chức năng đối nội và chức năng đối ngoại.','B.  Chức năng chính trị, kinh tế, văn hóa, xã hội.','C. Chức năng giai cấp (trấn áp) và chức năng xã hội','D. Chức năng quản lý xã hội, tổ chức xã hội','','ANSWER: B','/images/53. CNXHcontent.jpg','/images/53. CNXHchoice1.jpg',NULL,NULL,NULL,NULL),('54','CNXH:Nền dân chủ vô sản  trở thành hiện thực trong giai đoạn lịch sử nào?','A. Vào những năm 40 của thế kỷ 19','B. Vào những năm cuối của thế kỷ 18','C. Sau thắng lợi của CMT10 Nga năm 1917','D. Sau thắng lợi của CMT8 năm 1945','','ANSWER: C',NULL,NULL,NULL,NULL,NULL,NULL),('54. CNXH','Nền dân chủ vô sản  trở thành hiện thực trong giai đoạn lịch sử nào?','A. Vào những năm 40 của thế kỷ 19','B. Vào những năm cuối của thế kỷ 18','C. Sau thắng lợi của CMT10 Nga năm 1917','D. Sau thắng lợi của CMT8 năm 1945','','ANSWER: C','/images/54. CNXHcontent.jpg',NULL,NULL,'/images/54. CNXHchoice3.jpg',NULL,NULL),('55','CNXH:Mối quan hệ giữa dân chủ xã hội chủ nghĩa và nhà nước xã hội chủ nghĩa:','A. Nhà nước xã hội chủ nghĩa trở thành phương tiện cho việc thực thi quyền làm chủ của người dân.','B. Nhà nước xã hội chủ nghĩa trở thành công cụ quan trọng cho việc thực thi quyền làm chủ của người dân.','C. Dân chủ là động lực cho việc xây dựng và hoạt động của Nhà nước xã hội chủ nghĩa','D. Cả 3 phương án trên đều đúng','','ANSWER: B',NULL,NULL,NULL,NULL,NULL,NULL),('55. CNXH','Mối quan hệ giữa dân chủ xã hội chủ nghĩa và nhà nước xã hội chủ nghĩa:','A. Nhà nước xã hội chủ nghĩa trở thành phương tiện cho việc thực thi quyền làm chủ của người dân.','B. Nhà nước xã hội chủ nghĩa trở thành công cụ quan trọng cho việc thực thi quyền làm chủ của người dân.','C. Dân chủ là động lực cho việc xây dựng và hoạt động của Nhà nước xã hội chủ nghĩa','D. Cả 3 phương án trên đều đúng','','ANSWER: B','/images/55. CNXHcontent.jpg','/images/55. CNXHchoice1.gif','/images/55. CNXHchoice2.png','/images/55. CNXHchoice3.jpg','/images/55. CNXHchoice4.png',NULL),('6','Kể từ sau thời điểm Manulife đồng ý chi trả quyền lợi Ung Thư Giai Đoạn Cuối cho Người Được Bảo Hiểm của hợp đồng Bảo hiểm Ung Thư 360, vào mỗi ngày kỷ niệm hợp đồng hàng tháng, Manulife sẽ chi trả QLBH Trợ Cấp Thu Nhập bằng:','A. 1% Số Tiền Bảo Hiểm','B. 0,5% Số Tiền Bảo Hiểm','C. 1,5% Số Tiền Bảo Hiểm','','','ANSWER: C',NULL,NULL,NULL,NULL,NULL,NULL),('6.CNXH','Phát huy dân chủ xã hội chủ nghĩa ở Việt Nam hiện nay:','A. Xây dựng, hoàn thiện thể chế kinh tế thị trường định hướng xã hội chủ nghĩa tạo ra cơ sở kinh tế vững chắc cho xây dựng dân chủ xã hội chủ nghĩa.','B.  Tổ chức và hoạt động của bộ máy nhà nước theo nguyên tắc tập trung dân chủ.','C. Dân chủ phải được thực hiện trong đời sống thực tiễn ở tất cả các cấp, mọi lĩnh vực của đời sống xã hội về lĩnh vực kinh tế, chính trị, văn hóa, xã hội.','D.  Cả 3 phương án đều đúng','','ANSWER: A','/images/6.CNXHcontent.png','/images/6.CNXHchoice1.gif','/images/6.CNXHchoice2.png','/images/6.CNXHchoice3.jpg','/images/6.CNXHchoice4.png',NULL),('7','Doanh nghiệp bảo hiểm có quyền từ chối trả tiền bảo hiểm cho người thụ hưởng hoặc từ chối bồi thường cho người được bảo hiểm trong trường hợp:','A. Sự kiện bảo hiểm xảy ra không thuộc phạm vi trách nhiệm bảo hiểm theo thỏa thuận trong hợp đồng bảo hiểm (A).','B. Sự kiện bảo hiểm xảy ra thuộc các trường hợp loại trừ trách nhiệm bảo hiểm theo thỏa thuận trong hợp đồng bảo hiểm (B).','C. Sự kiện bảo hiểm xảy ra trong thời gian gia hạn nộp phí bảo hiểm.','D. A, B đúng.','','ANSWER: D',NULL,NULL,NULL,NULL,NULL,NULL),('7. CNXH','Liên minh giai cấp, tầng lớp trong thời kỳ quá độ lên chủ nghĩa xã hội xét dưới góc độ kinh tế:','A. Đấu tranh giai cấp và liên minh giai cấp để đi tới xoá bỏ sự phân chia giai cấp, tiến đến một xã hội không có giai cấp.','B. Liên minh này được hình thành xuất phát từ yêu cầu khách quan của quá trình đẩy mạnh công nghiệp hóa, hiện đại hóa, và chuyển dịch cơ cấu kinh tế từ một nền sản xuất nhỏ nông nghiệp là chính sang sản xuất hàng hóa lớn, phát triển công nghiệp, dịch vụ và khoa học - công nghệ…,','C. Giai cấp công nhân phải liên minh với giai cấp nông dân và các tầng lớp nhân dân lao động để tạo sức mạnh tổng hợp đảm bảo cho thắng lợi của cuộc cách mạng xã hội chủ nghĩa trong lĩnh vực kinh tế','D. Cơ cấu xã hội - giai cấp biến đổi và phát triển trong mối quan hệ vừa đấu tranh, vừa liên minh (đặc biệt là liên minh công - nông - trí thức), xích lại gần nhau, tiến tới từng bước xoá bỏ hiện tượng bóc lột giai cấp trong xã hội.','','ANSWER: B','/images/7. CNXHcontent.gif','/images/7. CNXHchoice1.jpg','/images/7. CNXHchoice2.png','/images/7. CNXHchoice3.png','/images/7. CNXHchoice4.jpg',NULL),('8','Đối với hợp đồng bảo hiểm con người, trường hợp một hoặc một số người thụ hưởng cố ý gây ra cái chết hoặc thương tật vĩnh viễn cho người được bảo hiểm thì:','A. Doanh nghiệp bảo hiểm không phải trả tiền bảo hiểm.','B. Doanh nghiệp bảo hiểm vẫn trả tiền cho tất cả người thụ hưởng bảo hiểm.','C. Doanh nghiệp bảo hiểm vẫn phải trả tiền bảo hiểm cho những người thụ hưởng khác theo thoả thuận trong hợp đồng bảo hiểm.','D. Không trường hợp nào đúng.','','ANSWER: C',NULL,NULL,NULL,NULL,NULL,NULL),('8. CNXH','Mặt tư tưởng trong việc giải quyết vấn đề tôn giáo','A. Phản ánh mâu thuẫn đối kháng','B. Mâu thuẫn không đối kháng','C. Mâu thuẫn cơ bản','D. Mâu thuẫn không cơ bản','','ANSWER: B','/images/8. CNXHcontent.jpg','/images/8. CNXHchoice1.png','/images/8. CNXHchoice2.png',NULL,NULL,NULL),('9','Doanh nghiệp bảo hiểm có nghĩa vụ:','A. Chi trả tất cả các chi phí khai thác hợp đồng bảo hiểm cho đại lý ngoài hoa hồng bảo hiểm (A).','B. Yêu cầu đại lý bảo hiểm phải có tài sản thế chấp.','C. Chịu trách nhiệm về những thiệt hại hay tổn thất do hoạt động đại lý bảo hiểm của mình gây ra theo thỏa thuận trong hợp đồng đại lý bảo hiểm (C).','D. A, C đúng.','','ANSWER: C',NULL,NULL,NULL,NULL,NULL,NULL),('9. CNXH','Bản chất của nhà nước xã hội chủ nghĩa chịu sự quy định của cơ sở kinh tế của xã hội xã hội chủ nghĩa đó là','A. Chế độ sở hữu xã hội về tư liệu sản xuất chủ yếu','B. Chế độ sở hữu xã hội về tư liệu sản xuất','C. Chế độ sở hữu hỗn hợp.','D. Cả 3 phương án đều đúng','','ANSWER: A','/images/9. CNXHcontent.jpg','/images/9. CNXHchoice1.png','/images/9. CNXHchoice2.jpg','/images/9. CNXHchoice3.jpg','/images/9. CNXHchoice4.jpg',NULL),('cau 1','mặt trời mọc ở hướng nào','A.đông','B.tây','C.nam','D.bắc','','A',NULL,NULL,NULL,NULL,NULL,NULL),('Câu 11','Cơ sở của đồng bộ hóa tiến trình','A: Sự truy nhập đồng thời đến dữ liệu chia sẻ có thể gây ra sự mâu thuẫn','B: Để duy trì tính nhất quán dữ liệu cần có cơ chế đảm bảo thực hiện các chương trình hợp tác theo thứ tự','C: Cả A và B đúng','D: Cả A và B sai','','ANSWER: C',NULL,NULL,NULL,NULL,NULL,NULL),('Câu 12','Đoạn găng là gì?','A: Mỗi tiến trình có một đoạn mã , gọi là đoạn găng, mà tại đó tiến trình có thể thay đổi các biến chung, cập nhật bảng, dữ liệu','B: Các đoạn code trong các chương trình dùng để truy cập đến các vùng nhớ chia sẻ, các tập tin chia sẻ được gọi là các đoạn găng.','C: Cả A và B đều đúng','D: Cả A và B đều sai','','ANSWER: A',NULL,NULL,NULL,NULL,NULL,NULL),('Câu 13','Một giải pháp cho vấn đề đoạn găng phải thỏa mãn mấy yêu cầu?','A: 1','B: 2','C: 3','D: 4','','ANSWER: B',NULL,NULL,NULL,NULL,NULL,NULL),('Câu 14','Những yêu cầu của một giả pháp cho vấn đề đoạn găng?','A: Loại trừ lẫn nhau','B: Chọn tiến trình tiếp theo được vào đoạn găng','C: Chờ đợi có hạn','D: Cả A, B, C','','ANSWER: D',NULL,NULL,NULL,NULL,NULL,NULL),('Câu 15','Thế nào là yêu cầu loại trừ lẫn nhau?','A: Nếu tiến trình Pi đang thực hiện trong đoạn găng của nó thì các tiến trình khác không được thực hiện trong đoạn găng của chúng.','B: Nếu tiến trình Pi đang thực hiện trong đoạn găng của nó thì các tiến trình khác cũng được thực hiện trong đoạn găng của chúng.','C: Tại một thời điểm không thể có hai tiến trình nằm trong đoạn găng.','D: Tại một thời điểm thể có hai hoặc nhiều hơn các tiến trình nằm trong đoạn găng.','E: Cả A và C đúng','ANSWER: A',NULL,NULL,NULL,NULL,NULL,NULL),('Câu 16','Thế nào là yêu cầu chờ đợi có hạn?','A: Tồn tại vô hạn số lần các tiến trình khác được phép vào đoạn găng của chúng sau khi một tiến trình yêu cầu vào đoạn găng đến trước khi yêu cầu đó được đáp ứng','B: Tồn tại giới hạn số lần các tiến trình khác được phép vào đoạn găng','C: Tồn tại giới hạn số lần các tiến trình khác được phép vào đoạn găng của chúng sau khi một tiến trình yêu cầu vào đoạn găng đến trước khi yêu cầu đó được đáp ứng','D: Tồn tại giới hạn số lần các tiến trình khác được phép vào đoạn găng của chúng sau khi một tiến trình yêu cầu vào đoạn găng đến trước khi yêu cầu đó không được đáp ứng','','ANSWER: C',NULL,NULL,NULL,NULL,NULL,NULL),('Câu 17','Thế nào là yêu cầu chọn tiến trình tiếp theo được vào đoạn găng?','A: Nếu không có tiến trình nào đang trong đoạn găng của nó và một số tiến trình muốn vào đoạn găng của chúng thì chỉ những tiến trình đang không trong đoạn còn lại mới là ứng cử viên.','B: Nếu có tiến trình nào đang trong đoạn găng của nó và một số tiến trình muốn vào đoạn găng của chúng thì chỉ những tiến trình đang không trong đoạn còn lại mới là ứng cử viên.','C: Nếu không có tiến trình nào đang trong đoạn găng của nó và một số tiến trình muốn vào đoạn găng của chúng thì chỉ những tiến trình đang trong đoạn còn lại mới là ứng cử viên.','D: Nếu có tiến trình nào đang trong đoạn găng của nó và một số tiến trình muốn vào đoạn găng của chúng thì chỉ những tiến trình đang trong đoạn còn lại mới là ứng cử viên.','','ANSWER: A',NULL,NULL,NULL,NULL,NULL,NULL),('Câu 18','Có mấy phương pháp xử lý đoạn găng? Đó là những phương pháp nào?','A: Có 1 phương pháp. Phương pháp Kernel không ưu tiên trước','B: Có 2 phương pháp. Phương pháp Kernel ưu tiên trước và giải pháp Peterson','C: Có 1 phương pháp. Phương pháp Kernel ưu tiên trước','D: Có 2 phương pháp. Phương pháp Kernel không ưu tiên trước và Kernel ưu tiên trước','','ANSWER: B',NULL,NULL,NULL,NULL,NULL,NULL),('Câu 19','Thế nào là Semaphore?','A: Kỹ thuật dùng cờ báo hiệu','B: Kỹ thuật lập trình','C: Phần cứng đồng bộ hóa','D: Kỹ thuật không dùng cờ báo hiệu','','ANSWER: A',NULL,NULL,NULL,NULL,NULL,NULL),('cau 2','mặt trời lặn ở hướng nào','A.đông','B.tây','C.nam','D.bắc','','ANSWER: B','/images/cau 2content.gif',NULL,NULL,NULL,NULL,NULL),('Câu 20','Giải pháp dùng Test and Set, biến khởi tạo ban đầu là:','A: Biến Char chia sẻ là Lock, được khởi tạo là false','B: Biến Integer chia sẻ là Lock, được khởi tạo là false','C: Biến Boolean chia sẻ là Lock, được khởi tạo là true','D: Biến Boolean chia sẻ là Lock, được khởi tạo là false(đáp án)','','ANSWER: D',NULL,NULL,NULL,NULL,NULL,NULL),('Câu 21','Giải pháp dùng Swap, biến khởi tạo ban đầu là:','A Biến Integer chia sẻ là Lock, được khởi tạo là false. Mỗi tiến trình có một biến Boolean cục bộ là Key','B Biến Boolean chia sẻ là Lock, được khởi tạo là true. Mỗi tiến trình có một biến Boolean cục bộ là Key','C Biến Boolean chia sẻ là Lock, được khởi tạo là false. Mỗi tiến trình có một biến Boolean cục bộ là Key','D Biến char chia sẻ là Lock, được khởi tạo là false. Mỗi tiến trình có một biến Boolean cục bộ là Key','','ANSWER: C','/images/Câu 21content.png',NULL,NULL,NULL,NULL,NULL),('Câu 22','Semaphore là một công cụ đồng bộ hóa:','A Dễ dùng hơn với người lập trình ứng dụng','B Khó dùng hơn với người lập trình ứng dụng','C Không có ý nghĩa với người lập trình ứng dụng','','','ANSWER: A','/images/Câu 22content.png','/images/Câu 22choice1.png',NULL,NULL,NULL,NULL),('Câu 23','Phần cứng đồng bộ hóa hiệu quả với:','A Đơn bộ xử lý','B Đa bộ xử lý','C Cả A và B đều đúng','D A và B đều sai','','ANSWER: B',NULL,NULL,NULL,NULL,NULL,NULL),('Câu 24','Thế nào là phương pháp Kernel không ưu tiên trước?','A Không cho phép một tiến trình bị ưu tiên trước khi nó đang chạy trong Kernel mode','B Tiến trình đó sẽ chạy đến khi nó thoát khỏi Kernel mode','C Không cho phép một tiến trình bị ưu tiên trước khi nó đang chạy trong Kernel mode; tiến trình đó sẽ chạy đến khi nó thoát khỏi Kernel mode','D Cho phép một tiến trình bị ưu tiên trước khi nó đang chạy trong Kernel mode;tiến trình đó sẽ chạy đến khi nó thoát khỏi Kernel mode','','ANSWER: C','/images/Câu 24content.gif',NULL,NULL,NULL,NULL,NULL),('Câu 25','Thế nào là phương pháp Kernel ưu tiên trước?','A Cho phép một tiến trình bị ưu tiên trước khi nó đang chạy trong Kernel mode','B Không cho phép một tiến trình bị ưu tiên trước khi nó đang chạy trong Kernel mode','C Không cho phép một tiến trình bị ưu tiên trước khi nó đang chạy trong Kernel mode; tiến trình đó sẽ chạy đến khi nó thoát khỏi Kernel mode','D Cho phép một tiến trình bị ưu tiên trước khi nó đang chạy trong Kernel mode; tiến trình đó sẽ chạy đến khi nó thoát khỏi Kernel mode','','ANSWER: A',NULL,NULL,NULL,NULL,NULL,NULL),('Câu 26','Thế nào là vấn đề đoạn găng?','A Là thiết kế một giao thức mà các tiến trình sử dụng để loại trừ lẫn nhau','B Là thiết kế một giao thức mà các tiến trình sử dụng để hợp tác','C Là thiết kế một chương trình mà các tiến trình sử dụng để hợp tác','D Là thiết kế một chương trình mà các tiến trình sử dụng để loại trừ lẫn nhau','','ANSWER: D',NULL,NULL,NULL,NULL,NULL,NULL),('Câu 27','Thế nào là busy waiting?','A Khi một tiến trình trong đoạn găng, các tiến trình khác cố gắng vào đoạn phải lặp lại liên tục trong mã đoạn vào','B Khi một tiến trình trong đoạn găng, các tiến trình khác cố gắng vào đoạn không phải lặp lại liên tục trong mã đoạn vào làm lãng phí các chu kỳ CPU','C Khi một tiến trình trong đoạn găng, các tiến trình khác cố gắng vào đoạn phải lặp lại liên tục trong mã đoạn vào không làm lãng phí các chu kỳ CPU','D Khi một tiến trình trong đoạn găng, các tiến trình khác cố gắng vào đoạn phải lặp lại liên tục trong mã đoạn vào làm lãng phí các chu kỳ CPU','','ANSWER: A',NULL,NULL,NULL,NULL,NULL,NULL),('Câu 28','Thế nào là Starvation?','A Starvation – khóa vô hạn. Một tiến trình có thể được đưa ra khỏi waiting queue tương ứng với semaphore','B Starvation – khóa hữu hạn. Một tiến trình có thể không bao giờ được đưa ra khỏi waiting queue tương ứng với semaphore','C Starvation – khóa hữu hạn. Một tiến trình có thể được đưa ra khỏi waiting queue tương ứng với semaphore','D Starvation – khóa vô hạn. Một tiến trình có thể không bao giờ được đưa ra khỏi waiting queue tương ứng với semaphore','','ANSWER: B','/images/Câu 28content.gif',NULL,NULL,NULL,NULL,NULL),('Câu 29','Thế nào là Deadlock?','A Một tiến trình đang đợi có hạn một sự kiện chỉ có thể được gây ra bởi một trong những tiến trình đó','B Hai hoặc nhiều tiến trình đang đợi vô hạn một sự kiện chỉ có thể được gây ra bởi một trong những tiến trình khác.','C Hai hoặc nhiều tiến trình đang đợi vô hạn một sự kiện chỉ có thể được gây ra bởi một trong những tiến trình đang đợi đó','D Hai hoặc nhiều tiến trình đang đợi có hạn một sự kiện chỉ có thể được gây ra bởi một trong những tiến trình đang đợi đó','','ANSWER: C',NULL,NULL,NULL,NULL,NULL,NULL),('cau 3','1 ngày có mấy giờ?','A.6','B.12','C.24','D.36',NULL,'C',NULL,NULL,NULL,NULL,NULL,NULL),('Câu 30','Khai báo kiểu cho hai biến trong giải pháp Peterson','A Biến turn với kiểu Integer, một mảng Flag có hai phần tử có kiểu Boolean','B Biến turn với kiểu char, một mảng Flag có hai phần tử có kiểu Boolean','C Biến turn với kiểu Integer, một mảng Flag có hai phần tử có kiểu real','D Biến turn với kiểu Integer, một mảng Flag có hai phần tử có kiểu char','','ANSWER: A',NULL,NULL,NULL,NULL,NULL,NULL),('Câu 31','Cho bảng số liệu sau:<br>Process Arrival Time Burst Time<br>P1 0 24<br>P2 1 3<br>P3 2 3<br>Hỏi thời gian chờ của tất cả tiến trình là bao nhiêu nếu sử dụng thuật toán FCFS?','A. 24s','B. 25s','C. 27s','D. 30s','','ANSWER: B',NULL,NULL,NULL,NULL,NULL,NULL),('Câu 32','Cho bảng số liệu sau:<br>Process Arrival Time Burst Time<br>P1 0 24<br>P2 1 3<br>P3 2 3<br>Hỏi thời gian chờ của tiến trình là bao nhiêu nếu sử dụng thuật toán RR với q=4?','A. 24s','B. 25s','C. 14s','D. 30s','','ANSWER: B',NULL,NULL,NULL,NULL,NULL,NULL),('Câu 33','Điều nào sau đây nói đúng về Time quantum:','A. Số càng lớn mức ưu tiên càng cao','B. Tỷ lệ nghịch với mức ưu tiên','C. Thấp hơn mức ưu tiên gốc','D. Cao hơn mức ưu tiên gốc, giúp giảm thời gian đáp ứng cho các tiến trình tương Tác','','ANSWER: C',NULL,NULL,NULL,NULL,NULL,NULL),('Câu 34','Điều nào sau đây nói đúng về giải thuật Round- Robin:','A. Có thời gian chờ của tiến trình lớn','B. Không được ưu tiên trước','C. Theo giải thuật này thì có những tiến trình có mức ưu tiên thấp có thể không bao giờ được thực hiện','D. Có thời gian chờ của tiến trình lâu hơn so với giải thuật SJF','','ANSWER: C',NULL,NULL,NULL,NULL,NULL,NULL),('Câu 35','Thứ tự ưu tien nào sau đây được sắp xếp đúng cho 4 lớp lập lịch:','A. Real time, Time sharing, Interactive, System','B. Real time, System, Time sharing, Interactive','C. Time sharing, System, Interactive, Real time','D. System, Time sharing, Interactive, Real time','','ANSWER: D',NULL,NULL,NULL,NULL,NULL,NULL),('Câu 36','Điều nào sau đây nói đúng về lập lịch toàn cục:','A. Sự cạnh tranh CPU diễn ra giữa tất cả các luồng trong hệ thống','B. Trong các hệ điều hành sử dụng mô hình Many-to-one, Many-to-many','C. Sự cạnh tranh CPU diễn ra giữa các luồng của cùng một tiến trình','D. Cả A, B','','ANSWER: A',NULL,NULL,NULL,NULL,NULL,NULL),('Câu 37','Trong các giải thuật sau giải thuật nào không được ưu tiên trước:','A. Multilevel Queue Scheduling','B. RR','C. SJF','D. FCFS','','ANSWER: D',NULL,NULL,NULL,NULL,NULL,NULL),('Câu 39','Process là gì:','a. Một chương trình lưu trên đĩa.','b. Một chương trình nạp vào bộ nhớ và đang được CPU thực thi.','c. Một chương trình được nạp vào bộ nhớ.','','','ANSWER: B',NULL,NULL,NULL,NULL,NULL,NULL),('Câu 40','Trạng thái BLOCKED của một process là do:','a. Đang chờ nhập xuất.','b. Đang chờ một sự kiện nào đó chưa xảy ra.','c. Cả 2 đều đúng.','','','ANSWER: C',NULL,NULL,NULL,NULL,NULL,NULL),('Câu 41','Hành động nào HĐH sẽ thực thi một process mới sinh ra:','a. Cấp CPU ngay cho process.','b. Giao ngay các tài nguyên mà process cần.','c. Tạo ngay khối PCB để quản lý process.','','','ANSWER: C','/images/Câu 41content.png',NULL,NULL,NULL,NULL,NULL),('Câu 42','Độ ưu tiên của các process cho biết:','a. Process sử dụng CPU nhiều hay ít.','b. Process chiếm nhiều hay ít vùng nhớ.','c. Tầm quan trọng của process.','','','ANSWER: C',NULL,NULL,NULL,NULL,NULL,NULL),('Câu 43','Hàng đợi dành cho các process xếp hàng chờ nhập xuất được gọi là:','a. Busy-Waitting buffer.','b. Ready queue.','c. Waitting queue.','','','ANSWER: C',NULL,NULL,NULL,NULL,NULL,NULL),('Câu 44','Ưu điểm chính của hệ thống chia sẻ thời gian (time- sharing system) so với hệ thống đa chương (multiprogrammed system):','A. Chi phí quản lý các process nhỏ hơn','B. Tăng hiệu suất của CPU','C. Thời gian đáp ứng (response time) nhỏ hơn.','D. Giảm burst time của process','','ANSWER: C','/images/Câu 44content.gif','/images/Câu 44choice1.png',NULL,NULL,NULL,NULL),('Câu 45','Với một hệ thống đa chương trình thì bộ nhớ sẽ:','a. hệ điều hành được nạp.','b. hệ điều hành và một process.','c. hệ điều hành và nhiều process.','','','ANSWER: C',NULL,NULL,NULL,NULL,NULL,NULL),('Câu 46','Hãy chọn các đặc điểm đúng với khái niệm hệ điều hành đa nhiệm (multitaking operating system) trong các đặc điểm sau :','a. Hệ thống quảy lý tiến trình theo lô','b. Hệ thống quản lý làm việc phân tán','c. Hệ thống quản lý nhiều người dùng (multi user).','d. Hệ thống điều phối bộ vi xử lý theo kiểm time – sharing.','','ANSWER: D',NULL,NULL,NULL,NULL,NULL,NULL),('Câu 47','Một tiến trình gồm những phần nào?','a. Bộ đếm chương trình, ngăn xếp, tập thanh ghi.','b. Bộ đệm chương trình, mã, tập thanh ghi.','c. Bộ đếm chương trình, ngăn xếp, đoạn dữ liệu','','','ANSWER: B','/images/Câu 47content.gif',NULL,NULL,NULL,NULL,NULL),('Câu 48','Việc xóa và tạo các tiến trình là do đâu quyết định?','a. Tiến trình cha','b. Hệ điều hành','c. Cả 2 đáp án trên.','','','ANSWER: B',NULL,NULL,NULL,NULL,NULL,NULL),('Câu 49','Giả sử tiến trình A sinh ra tiến trình B, C, câu nào sau đây là không chính xác:','a. Tiến trình B, C có thể sử dụng tài nguyên của tiến trình A.','b. Tiến trình B, C không sử dụng chung không gian địa chỉ.','c. Tiến trình A, B và C thực hiện cùng lúc.','','','ANSWER: C','/images/Câu 49content.gif',NULL,NULL,NULL,NULL,NULL),('Câu 5','Khi một tiến trình chuẩn bị vào hay ra khỏi một vùng Critical Section thì phải ?','A: Xin phép hệ điều hành','B: Phất cờ hiệu khi vào và khi ra','C: Cả hai việc trên','D: Không làm gì cả','','ANSWER: C',NULL,NULL,NULL,NULL,NULL,NULL),('Câu 50','Lệnh fork trong UNIX có ý nghĩ thế nào?','a. Lệnh tạo hệ thống.','b. Lệnh lấy ra địa chỉ thanh ghi.','c. Lệnh hệ thống tạo một tiến trình mới.','','','ANSWER: C','/images/Câu 50content.jpg',NULL,NULL,NULL,NULL,NULL),('Câu 51','Tiến trình hợp tác với tiến trình độc lập thì tiến trình nào sử dụng có hiệu quả hơn?','a. Tiến trình hợp tác.','b. Tiến trình độp lập.','c. Cả 2 tiến trình','','','ANSWER: C',NULL,NULL,NULL,NULL,NULL,NULL),('Câu 6','Hàng đợi dành cho các tiến trình xếp hàng chờ nhập xuất được gọi là ?','A: Busy-Waitting buffer','B: Ready queue','C: Waitting queue(đáp án)','D: Running queue','','ANSWER: C',NULL,NULL,NULL,NULL,NULL,NULL),('Câu 7','Tiến trình yêu cầu một tài nguyên nhưng chưa được đáp ứng vì tài nguyên chưa sẵn sàng hay tiến trình phải đợi một sự kiện hay một thao tác nhập xuất thuộc dạng chuyển trạng thái nào sau đây ?','A: Running -> Ready','B: Ready -> Running','C: Running -> Blocked','D: Blocked -> Ready','','ANSWER: C',NULL,NULL,NULL,NULL,NULL,NULL),('Câu 8','Khi một tiến trình người dung gọi đến một lời gọi hệ thống, tiến trình của hệ điều hành xử lý lời gọi này hoạt động theo chế độ ?','A: Không đặc quyền','B: Đặc quyền','C: Không câu nào đúng','D: Cả hai đều đúng','','ANSWER: B',NULL,NULL,NULL,NULL,NULL,NULL),('Câu 9','Giả sử tiến trình A sinh ra tiến trình B,C, câu nào sau đây là không chính xác ?','A: Tiến trình B và C không sử dụng chung con trỏ lệnh','B: Tiến trình B và C không sử dụng chung tập thanh ghi','C: Tiến trình B và C không sử dụng chung Stack','D: Tiến trình B và C không sử dụng chung không gian địa chỉ','','ANSWER: D',NULL,NULL,NULL,NULL,NULL,NULL),('de114ja','tại sao trời mưa?','Ai mà biết','vì...','','','','ANSWER: A',NULL,NULL,NULL,NULL,NULL,NULL),('dldl_2','Trong phần 1 thì người có nhiều hồn hoàn nhất có bao nhiêu hồn hoàn?','A.5','B.10','C.20','D.30','E.40','ANSWER: C',NULL,NULL,NULL,NULL,NULL,NULL),('ghjkl','iuggui','','','','','','ANSWER: ',NULL,NULL,NULL,NULL,NULL,NULL),('lala','abcde---ijk','etd','fgh','','','','ANSWER: B',NULL,NULL,NULL,NULL,NULL,NULL),('OOP_CÂU 1','<br>Xem xét bài toán nhập vào danh sách sinh viên gồm n sinh viên với những thông tin: Họ và tên, Ngày sinh, Giới tính, Địa chỉ, Lớp và hiển thị thông tin theo ngày sinh tăng dần. Các lớp đối tượng cần xây dựng cho bài toán gồm Lớp Sinh viên và lớp danh sách sinh viên. Các thuộc tính của lớp danh sách sinh viên là:','A. Số sinh viên (n), mảng đối tượng Sinh viên','B. Họ và tên, Ngày sinh, Giơi tính, Địa chỉ, Lớp','C. Số sinh viên (n), Họ và tên, Ngày sinh, Giơi tính, Địa chỉ, Lớp','','','ANSWER: A',NULL,NULL,NULL,NULL,NULL,NULL),('OOP_Câu 11','<br>Hàm mà bất kỳ lớp nào cũng có là:','A. Contructor','B. Hàm friend','C. Không có hàm nào cả','D. Hàm ảo virtual','','ANSWER: A',NULL,NULL,NULL,NULL,NULL,NULL),('OOP_Câu 12','<br>Chọn phương án tương ứng với phát biểu sai:','A. Một lớp luôn luôn có hàm destructor','B. Hàm destructor có thể là một hàm ảo','C. Hàm destructor dùng để hủy vùng nhớ đã cấp cho con trỏ this','D. Các đáp án trên đều không đúng','','ANSWER: B',NULL,NULL,NULL,NULL,NULL,NULL),('OOP_Câu 13','<br>Người ta cần quản lý cần quản lý các thông tin về công dân để xác định xem hai công dân bất kỳ có thể kết hôn được với nhau hay không. Biết rằng điều kiện kết hôn là: là công dân từ 18 tuổi trở nên, có tình trạng kết hôn là độc thân, hai công dân kết hôn không cùng giới tính, đồng thời phải lưu lại các thông tin của người kết hôn. Các lớp cần thuộc tính cần xây dựng cho hai lớp đối tượng của bài toán trên là:','A. Lớp đối tượng cần xây dựng là Lớp Công dân; Các thuộc tính là: họ và tên, ngày sinh, giới tính, tình trạng hôn nhân','B. Lớp đối tượng cần xây dựng là Lớp Công dân nam, Công dân nữ; Các thuộc tính là: họ và tên, ngày sinh, tình trạng hôn nhân','C. Lớp đối tượng cần xây dựng là Lớp Công dân; Các thuộc tính là: họ và tên, ngày sinh, giới tính, tình trạng hôn nhân; điều kiện kết hôn','D. Lớp đối tượng cần xây dựng là Lớp Công dân am, Lớp kết hôn; Các thuộc tính là: họ và tên, ngày sinh, giới tính, tình trạng hôn nhân','','ANSWER: A',NULL,NULL,NULL,NULL,NULL,NULL),('OOP_Câu 14','<br>Cho biết khẳng định đúng nhất trong các khẳng định sau:','A. Một lớp A có thể là bạn của nhiều lớp','B. Nếu lớp A là bạn của lớp B thì chỉ có một số phương thức của A có thể truy xuất đến các thành phần riêng của lớp B','C. Cả ba phương án đều đúng','D. Nếu lớp A là bạn của lớp B thì lớp B cũng là bạn của lớp A','','ANSWER: A',NULL,NULL,NULL,NULL,NULL,NULL),('OOP_Câu 16','<br>Câu lệnh khai báo như sau:<br>template (class T) T min (T a, T b)<br>{<br>…<br>}<br>có nghĩa là:','A. Khai báo họ các hàm tìm giá trị nhỏ nhất giữa hai số có cùng kiểu dữ liệu','B. Khai báo họ các hàm tìm giá trị nhở nhất giữa các cố bất kỳ','C. Khai báo họ các hàm tìm giá trị nhỏ nhất của một dãy các số có chung kiểu dữ liệu','','','ANSWER: A',NULL,NULL,NULL,NULL,NULL,NULL),('OOP_Câu 17','<br>Câu lệnh khai báo như sau:<br>template (class T) T min (T a, T b, Tc)<br>{<br>…<br>}<br>có nghĩa là:','A. Khai báo họ các hàm tìm giá trị nhỏ nhất giữa hai số có cùng kiểu dữ liệu','B. Khai báo họ các hàm tìm giá trị nhở nhất giữa các cố bất kỳ','C. Khai báo họ các hàm tìm giá trị nhỏ nhất của một dãy các số có chung kiểu dữ liệu','D. Khai báo học các hàm tìm giá trị nhỏ nhất trong ba số có cùng kiểu dữ liệu','','ANSWER: D',NULL,NULL,NULL,NULL,NULL,NULL),('OOP_CÂU 2','<br>Xem xét bài toán nhập vào danh sách sinh viên gồm n sinh viên với những thông tin: Họ và tên, Ngày sinh (dd/mm/yyyy), Giới tính, Địa chỉ, Lớp và hiển thị thông tin theo ngày sinh tăng dần. Nếu bài toán yêu cầu xây dựng trong C++, các lớp đối tượng cần xây dựng cho bài toán gồm Lớp Sinh viên và lớp danh sách sinh viên. Các thuộc tính của lớp danh sách sinh viên là:','A. Ngày tháng, Số sinh viên (n), mảng đối tượng Sinh viên','B. Họ và tên, Ngày sinh, Giơi tính, Địa chỉ, Lớp','C. Ngày tháng, Số sinh viên (n), Họ và tên, Ngày sinh, Giơi tính, Địa chỉ, Lớp','D. Số sinh viên (n), mảng đối tượng Sinh viên','','ANSWER: A',NULL,NULL,NULL,NULL,NULL,NULL),('OOP_Câu 4','<br>Chọn phát biểu đúng trong các phát biểu sau:','A. Mỗi đối tượng sau khi khai báo sẽ được cấp phát một vùng nhớ riêng để chứa các thuộc tính của chúng','B. Một lớp (sau khi định nghĩa) có thể xem như một kiểu đối tượng và có thể dùng để khai báo các biến, mảng đối tượng','C. Thuộc tính của lớp có thể có kiểu của chính lớp đó','D. Tất cả đều đúng','','ANSWER: D',NULL,NULL,NULL,NULL,NULL,NULL),('OOP_Câu 4:','Chọn phát biểu đúng trong các phát biểu sau:','A. Mỗi đối tượng sau khi khai báo sẽ được cấp phát một vùng nhớ riêng để chứa các thuộc tính của chúng','B. Một lớp (sau khi định nghĩa) có thể xem như một kiểu đối tượng và có thể dùng để khai báo các biến, mảng đối tượng','C. Thuộc tính của lớp có thể có kiểu của chính lớp đó','D. Tất cả đều đúng','','ANSWER: D',NULL,NULL,NULL,NULL,NULL,NULL),('OOP_Câu 5','<br>Khi đa năng hóa toán tử nhập (trích dòng) cho lớp SP ta khai báo dòng tiêu đề như sau:','A. friend istream & operator >>(istream & istr, SP &a);','B. friend void istream & operator >>(istream & istr, SP &a);','C. friend istream & operator >>(istream istr, SP &a);','D. friend istream & operator >>(istream & istr, SP a);','','ANSWER: A',NULL,NULL,NULL,NULL,NULL,NULL),('OOP_Câu 6','<br>Cho các lớp sau:<br>class Thi_sinh<br>{<br>int SBD;<br>char Hoten[40];<br>int Gt;<br>….<br>};<br>class Ds_thi_sinh<br>{<br>Thi_sinh *ds;<br>int sothisinh;<br>…<br>};<br>Quan hệ giữa lớp Ds_thi_sinh và Thi_sinh là:','A. Lớp Thi_sinh là lớp thành phần của lớp Ds_thi_sinh','B. Lớp Thi_sinh là lớp bao của lớp Ds_thi_sinh','C. Hai lớp không có mỗi quan hệ đặc biệt','D. Lớp Thi_sinh là lớp con của lớp Ds_thi_sinh','','ANSWER: A',NULL,NULL,NULL,NULL,NULL,NULL),('OOP_Câu 7','<br>Cho đoạn chương trình như hình trên, Đoạn chương trình sai ở dòng:<br>Cho đoạn chương trình như hình trên, Đoạn chương trình sai ở dòng: (ảnh 1)','A. Dòng 1 sai Website','B. Dòng 2 sai','C. Cả hai dòng đều sai','D. Cả hai dòng đều đúng','','ANSWER: D',NULL,NULL,NULL,NULL,NULL,NULL),('Question 1','Binh is talking to Minh after the performance.<br>~ Binh: “You\'ve got a lovely voice, Minh.”<br>~ Minh: “.........”','A. Congratulations!','B. Thank you.','C. Me too.','D. No problem.','','ANSWER: B',NULL,NULL,NULL,NULL,NULL,NULL),('Question 10','I like eating in this restaurant because the waiters are very......and friendly.','A. help','B. helpfulness','C. helpfully','D. helpful','','ANSWER: D',NULL,NULL,NULL,NULL,NULL,NULL),('Question 11','The next SEA Games will be held......Vietnam.','A. in','B. on','C. at','D. up','','ANSWER: A',NULL,NULL,NULL,NULL,NULL,NULL),('Question 12','My parents bought me a......school bag for my birthday.','A. red Japanese beautiful','B. Japanese red beautiful','C. beautiful Japanese red','D. beautiful red Japanese','','ANSWER: D',NULL,NULL,NULL,NULL,NULL,NULL),('Question 13','The building is beautiful,......?','A. has it','B. wasn\'t it','C. isn\'t it','D. was it','','ANSWER: C',NULL,NULL,NULL,NULL,NULL,NULL),('Question 14','Linh has been trying to solve this problem all week, but she still hasn\'t been able to......it.','A. shatter','B. break','C. crash','D. crack','','ANSWER: D',NULL,NULL,NULL,NULL,NULL,NULL),('Question 15','I......a lot ofpresents on my birthday last week.','A. give','B. was given','C. was giving','D. have given','','ANSWER: B',NULL,NULL,NULL,NULL,NULL,NULL),('Question 16','We......flowers in the school garden when it started to rain.','A. plant','B. were planting','C. are planting','D. have planted','','ANSWER: B',NULL,NULL,NULL,NULL,NULL,NULL),('Question 17','.......the experiment several times, the scientists finally succeeded in developing a new vaccine.','A. Having been carrying out','B. Have carried out','C. Having carried out','D. Have been carried out','','ANSWER: C',NULL,NULL,NULL,NULL,NULL,NULL),('Question 18',', .......he will be very happy.','A. When my father was seeing my test scores','B. When my father had seen my test scores','C. When my father sees my test scores','D. When my father saw my test scores','','ANSWER: C',NULL,NULL,NULL,NULL,NULL,NULL),('Question 19','The students enjoyed the online course......they found it useful for thefr studies.','A. despite','B. because','C. although','D. because of','','ANSWER: B',NULL,NULL,NULL,NULL,NULL,NULL),('Question 2','Tim is late for the class meeting.<br>~ Tim: “Sorry, I\'m late, Peter”.<br>~ Peter: “..........”','A. Thanks a lot.','B. Same to you','C. Never mind.','D. Good idea.','','ANSWER: C',NULL,NULL,NULL,NULL,NULL,NULL),('Question 20','Peter loves kitchen work. He always helps his wife......the dishes.','A. wash through','B. wash over','C. wash away','D. wash up','','ANSWER: D',NULL,NULL,NULL,NULL,NULL,NULL),('Question 21','When the visitor saw with her own eyes the beach covered with a mountain ofplastic rubbish<br>washed up from around the world, a chill went down her.......','A. spine','B. mind','C. bone','D. brain','','ANSWER: A',NULL,NULL,NULL,NULL,NULL,NULL),('Question 7','......comfortable I feel, the more creative I am.','A. Most','B. More','C. Most of','D. The more','','ANSWER: D',NULL,NULL,NULL,NULL,NULL,NULL),('Question 8','The hotel is famous for its spectacular......of the sea.','A. view','B. vision','C. glance','D. look','','ANSWER: A',NULL,NULL,NULL,NULL,NULL,NULL),('Question 9','My grandfather often......to the radio to get the latest news.','A. hears','B. listens','C. watches','D. talks','','ANSWER: B',NULL,NULL,NULL,NULL,NULL,NULL),('status','mệt không?','có','không','','','','ANSWER: a',NULL,NULL,NULL,NULL,NULL,NULL),('status2','mỏi lưng không?','có ','không','hơi hơi','','','ANSWER: C',NULL,NULL,NULL,NULL,NULL,NULL),('thời tiết','trời hôm nay có mưa không','có','không','không biết','','','ANSWER: a',NULL,NULL,NULL,NULL,NULL,NULL),('weapon','đường tam dùng vũ khí gì?','A.Hải thần tam xoa kích','B.Phương thiên họa kích','C.Gậy như ý','','','ANSWER: A',NULL,NULL,NULL,NULL,NULL,NULL);
/*!40000 ALTER TABLE `question` ENABLE KEYS */;
UNLOCK TABLES;

--
-- Table structure for table `quiz`
--

DROP TABLE IF EXISTS `quiz`;
/*!40101 SET @saved_cs_client     = @@character_set_client */;
/*!40101 SET character_set_client = utf8 */;
CREATE TABLE `quiz` (
  `quizname` varchar(100) NOT NULL,
  `timelimit` int(11) DEFAULT NULL,
  PRIMARY KEY (`quizname`)
) ENGINE=InnoDB DEFAULT CHARSET=utf8 COLLATE=utf8_general_ci;
/*!40101 SET character_set_client = @saved_cs_client */;

--
-- Dumping data for table `quiz`
--

LOCK TABLES `quiz` WRITE;
/*!40000 ALTER TABLE `quiz` DISABLE KEYS */;
INSERT INTO `quiz` VALUES ('ôn gk cnxh',65),('OOP ck',NULL),('test',NULL),('test 2',NULL),('thi cấu trúc dữ liệu và giải thuật',NULL),('thi cuối kỳ',65),('thi cuối kỳ giải tích 3',NULL),('thi cuối kỳ hệ điều hành',NULL),('thi cuối kỳ kiến trúc máy tính',NULL),('thi cuối kỳ nhập môn tối ưu',NULL),('thi giữa kỳ giải tích 3',NULL),('thi tổng hợp',NULL),('thi tốt nghiệp',NULL);
/*!40000 ALTER TABLE `quiz` ENABLE KEYS */;
UNLOCK TABLES;

--
-- Table structure for table `service`
--

DROP TABLE IF EXISTS `service`;
/*!40101 SET @saved_cs_client     = @@character_set_client */;
/*!40101 SET character_set_client = utf8 */;
CREATE TABLE `service` (
  `quizname` varchar(100) NOT NULL,
  `idquestion` varchar(45) NOT NULL,
  KEY `123edrt_idx` (`quizname`),
  KEY `34rdftj_idx` (`idquestion`),
  CONSTRAINT `123edrt` FOREIGN KEY (`quizname`) REFERENCES `quiz` (`quizname`) ON DELETE NO ACTION ON UPDATE NO ACTION,
  CONSTRAINT `34rdftj` FOREIGN KEY (`idquestion`) REFERENCES `question` (`idquestion`) ON DELETE NO ACTION ON UPDATE NO ACTION
) ENGINE=InnoDB DEFAULT CHARSET=utf8 COLLATE=utf8_general_ci;
/*!40101 SET character_set_client = @saved_cs_client */;

--
-- Dumping data for table `service`
--

LOCK TABLES `service` WRITE;
/*!40000 ALTER TABLE `service` DISABLE KEYS */;
INSERT INTO `service` VALUES ('thi tổng hợp','câu 18'),('thi tốt nghiệp','Câu 22'),('thi tốt nghiệp','Câu 23'),('thi tốt nghiệp','Câu 24'),('thi tốt nghiệp','Câu 25'),('thi tốt nghiệp','Câu 4'),('thi tốt nghiệp','Câu 5'),('thi tốt nghiệp','Câu 6'),('thi cuối kỳ hệ điều hành','Câu 4'),('thi cuối kỳ hệ điều hành','Câu 5'),('thi cuối kỳ hệ điều hành','Câu 6'),('thi cuối kỳ hệ điều hành','Câu 7'),('thi cuối kỳ hệ điều hành','Câu 8'),('thi cuối kỳ hệ điều hành','Câu 9'),('thi cuối kỳ hệ điều hành','Câu 10'),('thi cuối kỳ hệ điều hành','Câu 11'),('thi cuối kỳ hệ điều hành','Câu 12'),('thi cuối kỳ hệ điều hành','Câu 13'),('thi cuối kỳ hệ điều hành','Câu 14'),('thi cuối kỳ hệ điều hành','Câu 15'),('thi cuối kỳ hệ điều hành','Câu 16'),('thi cuối kỳ hệ điều hành','Câu 17'),('thi cuối kỳ hệ điều hành','Câu 18'),('thi cuối kỳ hệ điều hành','Câu 19'),('thi cuối kỳ hệ điều hành','Câu 20'),('thi cuối kỳ hệ điều hành','Câu 4'),('thi cuối kỳ hệ điều hành','Câu 5'),('thi cuối kỳ hệ điều hành','cau 2'),('thi cuối kỳ hệ điều hành','cau 2'),('thi cuối kỳ hệ điều hành','Câu 21'),('thi cuối kỳ hệ điều hành','Câu 22'),('thi cuối kỳ hệ điều hành','Câu 23'),('thi cuối kỳ hệ điều hành','Câu 24'),('thi cuối kỳ hệ điều hành','Câu 25'),('thi cuối kỳ hệ điều hành','Câu 26'),('thi cuối kỳ hệ điều hành','Câu 27'),('thi cuối kỳ giải tích 3','Câu 8'),('thi cuối kỳ giải tích 3','Câu 19'),('thi cuối kỳ giải tích 3','Câu 18'),('thi cuối kỳ giải tích 3','Câu 16'),('thi cuối kỳ giải tích 3','Câu 5'),('thi cấu trúc dữ liệu và giải thuật','Câu 11'),('thi cấu trúc dữ liệu và giải thuật','Câu 17'),('thi cấu trúc dữ liệu và giải thuật','Câu 14'),('thi cấu trúc dữ liệu và giải thuật','Câu 7'),('thi cấu trúc dữ liệu và giải thuật','Câu 15'),('thi cấu trúc dữ liệu và giải thuật','Câu 20'),('thi cấu trúc dữ liệu và giải thuật','Câu 19'),('thi cấu trúc dữ liệu và giải thuật','Câu 5'),('thi cuối kỳ hệ điều hành','Câu 4'),('thi cuối kỳ hệ điều hành','Câu 12'),('thi cuối kỳ hệ điều hành','Câu 13'),('thi cuối kỳ kiến trúc máy tính','cau 1'),('thi cuối kỳ kiến trúc máy tính','cau 2'),('thi cuối kỳ kiến trúc máy tính','cau 1'),('thi cuối kỳ kiến trúc máy tính','Câu 9'),('thi cuối kỳ kiến trúc máy tính','Câu 13'),('thi cuối kỳ kiến trúc máy tính','Câu 4'),('thi cuối kỳ kiến trúc máy tính','Câu 15'),('thi cuối kỳ kiến trúc máy tính','Câu 16'),('thi cuối kỳ kiến trúc máy tính','Câu 19'),('thi cuối kỳ kiến trúc máy tính','Câu 20'),('thi cuối kỳ kiến trúc máy tính','Câu 8'),('thi cuối kỳ kiến trúc máy tính','Câu 34'),('thi cuối kỳ kiến trúc máy tính','Câu 4'),('thi cuối kỳ kiến trúc máy tính','Câu 4'),('thi cuối kỳ kiến trúc máy tính','Câu 18'),('thi cuối kỳ kiến trúc máy tính','Câu 19'),('thi cuối kỳ kiến trúc máy tính','Câu 13'),('thi cuối kỳ kiến trúc máy tính','cau 1'),('thi cuối kỳ kiến trúc máy tính','cau 1'),('thi cuối kỳ giải tích 3','Câu 4'),('thi cuối kỳ giải tích 3','Câu 17'),('thi cuối kỳ giải tích 3','Câu 4'),('thi cuối kỳ giải tích 3','Câu 19'),('thi cuối kỳ giải tích 3','Câu 6'),('thi cuối kỳ giải tích 3','Câu 18'),('thi cuối kỳ giải tích 3','Câu 20'),('thi cuối kỳ giải tích 3','Câu 13'),('thi cuối kỳ giải tích 3','Câu 14'),('thi cuối kỳ giải tích 3','cau 1'),('thi cuối kỳ giải tích 3','cau 2'),('thi cuối kỳ giải tích 3','Câu 11'),('thi cuối kỳ giải tích 3','Câu 18'),('thi cuối kỳ giải tích 3','Câu 20'),('thi cuối kỳ giải tích 3','Câu 17'),('thi cuối kỳ giải tích 3','Câu 8'),('thi cuối kỳ giải tích 3','Câu 7'),('thi cuối kỳ giải tích 3','Câu 19'),('thi cuối kỳ giải tích 3','Câu 9'),('thi cuối kỳ giải tích 3','Câu 6'),('thi cuối kỳ giải tích 3','Câu 10'),('thi cuối kỳ giải tích 3','Câu 12'),('thi cuối kỳ giải tích 3','Câu 16'),('thi cuối kỳ giải tích 3','Câu 13'),('thi cuối kỳ giải tích 3','Câu 14'),('thi cuối kỳ giải tích 3','Câu 15'),('thi cuối kỳ giải tích 3','Câu 5'),('thi cuối kỳ giải tích 3','Câu 4'),('test','Câu 4'),('thi tổng hợp','Câu 30'),('test','Câu 43'),('test','Câu 46'),('test','Câu 37'),('test','Câu 32'),('test','Câu 45'),('test','Question 1'),('test','Question 7'),('test','Question 9'),('test','Question 12'),('test','Question 13'),('test','Question 18'),('test','Question 19'),('test 2','Question 21'),('test 2','Question 1'),('test 2','Question 9'),('test 2','OOP_Câu 13'),('test 2','Question 20'),('test 2','Question 8'),('test 2','Question 15'),('test 2','Question 13'),('test 2','Question 10'),('test 2','Question 12'),('test 2','Question 17'),('test 2','Question 19'),('test 2','Question 2'),('test 2','OOP_Câu 11'),('test 2','Question 11'),('test 2','OOP_CÂU 2'),('test 2','Question 18'),('test 2','OOP_Câu 5'),('test 2','Question 7'),('test 2','Question 16'),('test 2','102'),('test 2','104'),('test 2','103'),('test 2','Câu 21'),('test 2','105'),('test 2','107'),('test 2','106'),('test 2','101'),('thi cấu trúc dữ liệu và giải thuật','Question 11'),('thi cấu trúc dữ liệu và giải thuật','Question 15'),('thi cấu trúc dữ liệu và giải thuật','Question 19'),('thi cấu trúc dữ liệu và giải thuật','Question 17'),('thi cấu trúc dữ liệu và giải thuật','OOP_Câu 5'),('thi cấu trúc dữ liệu và giải thuật','OOP_Câu 13'),('thi cấu trúc dữ liệu và giải thuật','OOP_CÂU 2'),('thi cấu trúc dữ liệu và giải thuật','Question 13'),('thi cấu trúc dữ liệu và giải thuật','Question 7'),('thi cấu trúc dữ liệu và giải thuật','OOP_Câu 11'),('thi cấu trúc dữ liệu và giải thuật','Question 20'),('thi cấu trúc dữ liệu và giải thuật','Question 21'),('thi cấu trúc dữ liệu và giải thuật','Question 8'),('thi cấu trúc dữ liệu và giải thuật','Question 18'),('OOP ck','Câu 41'),('OOP ck','Câu 50'),('OOP ck','Câu 28'),('OOP ck','Câu 49'),('OOP ck','Câu 47'),('OOP ck','Câu 44'),('OOP ck','Câu 48'),('OOP ck','cau 1'),('OOP ck','Câu 22'),('OOP ck','Câu 46'),('OOP ck','Câu 40'),('OOP ck','Câu 32'),('OOP ck','Câu 36'),('OOP ck','weapon'),('OOP ck','Câu 27'),('OOP ck','Câu 39'),('OOP ck','Câu 34'),('OOP ck','Câu 35'),('OOP ck','cau 1'),('OOP ck','Câu 26'),('ôn gk cnxh','6.CNXH'),('ôn gk cnxh','7. CNXH'),('ôn gk cnxh','8. CNXH'),('ôn gk cnxh','9. CNXH'),('ôn gk cnxh','10. CNXH'),('ôn gk cnxh','11. CNXH'),('ôn gk cnxh','12. CNXH'),('ôn gk cnxh','13. CNXH'),('ôn gk cnxh','14. CNXH'),('ôn gk cnxh','15. CNXH'),('ôn gk cnxh','16. CNXH'),('ôn gk cnxh','17. CNXH'),('ôn gk cnxh','18. CNXH'),('ôn gk cnxh','19. CNXH'),('ôn gk cnxh','20. CNXH'),('ôn gk cnxh','21. CNXH'),('ôn gk cnxh','22. CNXH'),('ôn gk cnxh','23. CNXH'),('ôn gk cnxh','24. CNXH'),('ôn gk cnxh','25. CNXH'),('ôn gk cnxh','26. CNXH'),('ôn gk cnxh','27. CNXH'),('ôn gk cnxh','28. CNXH'),('ôn gk cnxh','29. CNXH'),('ôn gk cnxh','30. CNXH'),('ôn gk cnxh','31. CNXH'),('ôn gk cnxh','32. CNXH'),('ôn gk cnxh','33. CNXH'),('ôn gk cnxh','34. CNXH'),('ôn gk cnxh','35. CNXH'),('ôn gk cnxh','36. CNXH'),('ôn gk cnxh','37. CNXH'),('ôn gk cnxh','38. CNXH'),('ôn gk cnxh','39. CNXH'),('ôn gk cnxh','40. CNXH'),('ôn gk cnxh','41. CNXH'),('ôn gk cnxh','42. CNXH'),('ôn gk cnxh','43. CNXH'),('ôn gk cnxh','44. CNXH'),('ôn gk cnxh','45. CNXH'),('ôn gk cnxh','46. CNXH'),('ôn gk cnxh','47. CNXH'),('ôn gk cnxh','48. CNXH'),('ôn gk cnxh','49. CNXH'),('ôn gk cnxh','50. CNXH'),('ôn gk cnxh','51. CNXH'),('ôn gk cnxh','52. CNXH'),('ôn gk cnxh','53. CNXH'),('ôn gk cnxh','54. CNXH'),('ôn gk cnxh','55. CNXH');
/*!40000 ALTER TABLE `service` ENABLE KEYS */;
UNLOCK TABLES;
/*!40103 SET TIME_ZONE=@OLD_TIME_ZONE */;

/*!40101 SET SQL_MODE=@OLD_SQL_MODE */;
/*!40014 SET FOREIGN_KEY_CHECKS=@OLD_FOREIGN_KEY_CHECKS */;
/*!40014 SET UNIQUE_CHECKS=@OLD_UNIQUE_CHECKS */;
/*!40101 SET CHARACTER_SET_CLIENT=@OLD_CHARACTER_SET_CLIENT */;
/*!40101 SET CHARACTER_SET_RESULTS=@OLD_CHARACTER_SET_RESULTS */;
/*!40101 SET COLLATION_CONNECTION=@OLD_COLLATION_CONNECTION */;
/*!40111 SET SQL_NOTES=@OLD_SQL_NOTES */;

-- Dump completed on 2023-07-10 22:20:54
